player_win,dealer_win,push,dealer_bust,player_hand_value,dealer_hand_value,player_hand,dealer_hand
1,0,0,1,17,23,"{'9': 1, '5': 1, '3': 1}","{'10': 1, '6': 1, '7': 1}"
0,1,0,0,19,20,"{'3': 1, '7': 1, '9': 1}","{'5': 1, '8': 1, '7': 1}"
0,0,1,0,17,17,"{'8': 1, '3': 1, '6': 1}","{'10': 1, '7': 1}"
0,1,0,0,17,21,"{'7': 1, '10': 1}","{'8': 1, '7': 1, '6': 1}"
0,1,0,0,17,20,"{'8': 1, '9': 1}","{'10': 1, 'queen': 1}"
0,1,0,0,24,11,"{'9': 1, '7': 1, '8': 1}","{'8': 1, '3': 1}"
1,0,0,1,17,24,"{'9': 1, '8': 1}","{'6': 1, '8': 1, '10': 1}"
0,1,0,0,24,15,"{'5': 1, '9': 1, 'jack': 1}","{'8': 1, '7': 1}"
1,0,0,0,18,17,"{'7': 1, '3': 1, '8': 1}","{'9': 1, '8': 1}"
1,0,0,0,19,17,"{'7': 1, '3': 1, '9': 1}","{'7': 1, '10': 1}"
1,0,0,0,18,17,"{'8': 1, '10': 1}","{'10': 1, '7': 1}"
1,0,0,0,21,19,"{'8': 1, '7': 1, '6': 1}","{'queen': 1, '9': 1}"
0,1,0,0,23,16,"{'8': 1, '3': 2, '9': 1}","{'7': 1, '9': 1}"
1,0,0,1,15,23,"{'7': 1, '8': 1}","{'3': 1, '10': 1, 'queen': 1}"
0,1,0,0,23,16,"{'8': 1, '5': 1, '10': 1}","{'queen': 1, '6': 1}"
0,1,0,0,25,12,"{'8': 1, '7': 1, '10': 1}","{'9': 1, '3': 1}"
0,1,0,0,17,18,"{'9': 1, '3': 1, '5': 1}","{'8': 1, 'queen': 1}"
0,1,0,0,17,21,"{'7': 1, '10': 1}","{'9': 1, '7': 1, '5': 1}"
0,1,0,0,20,21,"{'10': 1, 'queen': 1}","{'5': 1, '9': 1, '7': 1}"
1,0,0,0,20,17,"{'6': 1, '5': 1, '9': 1}","{'7': 1, 'queen': 1}"
0,1,0,0,23,13,"{'5': 1, 'jack': 1, '8': 1}","{'queen': 1, '3': 1}"
0,1,0,0,15,18,"{'8': 1, '7': 1}","{'3': 1, '9': 1, '6': 1}"
0,1,0,0,18,20,"{'3': 1, '8': 1, '7': 1}","{'9': 1, '5': 1, '6': 1}"
0,1,0,0,22,17,"{'9': 1, '5': 1, '8': 1}","{'10': 1, '7': 1}"
0,1,0,0,17,19,"{'10': 1, '7': 1}","{'7': 1, '6': 2}"
1,0,0,1,20,22,"{'7': 1, '3': 1, 'jack': 1}","{'9': 1, '6': 1, '7': 1}"
1,0,0,1,17,25,"{'7': 1, '10': 1}","{'6': 1, '9': 1, 'queen': 1}"
1,0,0,0,20,17,"{'9': 1, '5': 1, '6': 1}","{'7': 1, 'queen': 1}"
0,1,0,0,17,18,"{'7': 1, '10': 1}","{'3': 1, '9': 1, '6': 1}"
1,0,0,1,14,23,"{'9': 1, '5': 1}","{'6': 1, '7': 1, 'queen': 1}"
0,1,0,0,18,19,"{'8': 1, '10': 1}","{'10': 1, '3': 1, '6': 1}"
0,1,0,0,24,15,"{'5': 1, '9': 1, 'jack': 1}","{'9': 1, '6': 1}"
0,1,0,0,26,17,"{'9': 1, '7': 1, '10': 1}","{'7': 1, 'queen': 1}"
0,1,0,0,12,21,"{'3': 1, '9': 1}","{'5': 1, '10': 1, '6': 1}"
0,1,0,0,17,20,"{'10': 1, '7': 1}","{'8': 1, '5': 1, '7': 1}"
0,1,0,0,17,18,"{'10': 1, '7': 1}","{'9': 1, '6': 1, '3': 1}"
0,1,0,0,14,21,"{'8': 1, '6': 1}","{'5': 1, '9': 1, '7': 1}"
0,1,0,0,19,21,"{'3': 1, '9': 1, '7': 1}","{'10': 1, '6': 1, '5': 1}"
0,1,0,0,16,18,"{'9': 1, '7': 1}","{'3': 1, '8': 1, '7': 1}"
0,1,0,0,17,21,"{'9': 1, '8': 1}","{'7': 1, '5': 1, '3': 1, '6': 1}"
0,1,0,0,23,17,"{'9': 1, '7': 2}","{'queen': 1, '7': 1}"
0,1,0,0,26,15,"{'9': 1, '7': 1, '10': 1}","{'7': 1, '8': 1}"
1,0,0,0,20,17,"{'8': 1, '7': 1, '5': 1}","{'10': 1, '7': 1}"
1,0,0,0,20,18,"{'6': 1, '5': 1, '9': 1}","{'10': 1, '8': 1}"
1,0,0,0,18,17,"{'10': 1, '8': 1}","{'9': 1, '8': 1}"
0,1,0,0,18,19,"{'8': 1, '10': 1}","{'queen': 1, '9': 1}"
1,0,0,1,21,22,"{'8': 1, '3': 1, '10': 1}","{'5': 1, '7': 1, 'queen': 1}"
0,1,0,0,18,21,"{'8': 1, '7': 1, '3': 1}","{'7': 1, '9': 1, '5': 1}"
1,0,0,0,19,17,"{'10': 1, '9': 1}","{'7': 1, 'queen': 1}"
0,1,0,0,17,20,"{'8': 1, '9': 1}","{'10': 1, 'queen': 1}"
1,0,0,0,19,18,"{'9': 1, '10': 1}","{'10': 1, '8': 1}"
1,0,0,1,21,24,"{'9': 1, '7': 1, '5': 1}","{'10': 1, '4': 1, 'queen': 1}"
1,0,0,1,18,25,"{'3': 1, '8': 1, '7': 1}","{'9': 1, '6': 1, 'queen': 1}"
1,0,0,1,20,22,"{'3': 1, '9': 1, '8': 1}","{'7': 1, '5': 1, 'queen': 1}"
1,0,0,0,20,18,"{'3': 1, '9': 1, '8': 1}","{'7': 1, '6': 1, '5': 1}"
1,0,0,0,20,19,"{'7': 1, '5': 1, '8': 1}","{'queen': 1, '9': 1}"
0,1,0,0,23,17,"{'8': 1, '5': 1, '3': 1, '7': 1}","{'7': 1, '10': 1}"
1,0,0,1,19,26,"{'10': 1, '9': 1}","{'6': 1, '10': 1, 'queen': 1}"
1,0,0,0,20,17,"{'6': 1, '9': 1, '5': 1}","{'10': 1, '7': 1}"
1,0,0,0,19,18,"{'9': 1, 'queen': 1}","{'8': 1, 'jack': 1}"
0,0,1,0,21,21,"{'7': 1, '3': 1, '6': 1, '5': 1}","{'10': 1, '6': 1, '5': 1}"
0,0,1,0,17,17,"{'10': 1, '7': 1}","{'9': 1, '5': 1, '3': 1}"
0,1,0,0,25,16,"{'9': 2, '7': 1}","{'10': 1, '6': 1}"
0,1,0,0,24,17,"{'8': 1, '7': 1, '9': 1}","{'7': 1, 'queen': 1}"
1,0,0,0,20,17,"{'9': 1, '3': 1, '8': 1}","{'7': 1, '10': 1}"
0,1,0,0,24,16,"{'7': 1, '9': 1, '8': 1}","{'10': 1, '6': 1}"
1,0,0,1,13,22,"{'8': 1, '5': 1}","{'3': 1, 'queen': 1, '9': 1}"
1,0,0,1,20,24,"{'7': 1, '5': 1, '8': 1}","{'queen': 1, '5': 1, '9': 1}"
0,1,0,0,18,19,"{'7': 1, '6': 1, '5': 1}","{'9': 1, 'queen': 1}"
0,1,0,0,24,20,"{'9': 1, '7': 1, '8': 1}","{'10': 1, 'jack': 1}"
0,1,0,0,22,11,"{'10': 1, '5': 1, '7': 1}","{'8': 1, '3': 1}"
1,0,0,0,18,17,"{'8': 1, '10': 1}","{'7': 1, 'queen': 1}"
0,0,1,0,19,19,"{'9': 1, '10': 1}","{'7': 1, '4': 1, '8': 1}"
0,1,0,0,22,17,"{'9': 1, '3': 1, 'queen': 1}","{'10': 1, '7': 1}"
0,1,0,0,22,17,"{'9': 1, '5': 1, '8': 1}","{'10': 1, '7': 1}"
0,1,0,0,18,21,"{'10': 1, '8': 1}","{'7': 1, '9': 1, '5': 1}"
1,0,0,1,18,25,"{'8': 1, '7': 1, '3': 1}","{'queen': 1, '5': 1, '10': 1}"
0,1,0,0,18,20,"{'8': 1, '10': 1}","{'3': 1, '7': 1, 'queen': 1}"
0,1,0,0,18,21,"{'9': 1, '6': 1, '3': 1}","{'9': 1, '5': 1, '7': 1}"
1,0,0,0,21,20,"{'7': 1, '5': 1, '9': 1}","{'7': 1, '3': 1, 'king': 1}"
0,0,1,0,17,17,"{'7': 1, '10': 1}","{'6': 1, '8': 1, '3': 1}"
0,1,0,0,17,19,"{'queen': 1, '7': 1}","{'10': 1, '9': 1}"
1,0,0,0,21,17,"{'9': 1, '7': 1, '5': 1}","{'10': 1, '7': 1}"
1,0,0,1,17,25,"{'7': 1, '10': 1}","{'6': 1, 'queen': 1, '9': 1}"
1,0,0,0,21,19,"{'7': 1, '9': 1, '5': 1}","{'10': 1, '6': 1, '3': 1}"
0,1,0,0,17,18,"{'9': 1, '5': 1, '3': 1}","{'8': 1, '10': 1}"
0,1,0,0,12,21,"{'9': 1, '3': 1}","{'6': 1, '8': 1, '7': 1}"
0,1,0,0,17,18,"{'5': 1, '10': 1, '2': 1}","{'8': 1, '10': 1}"
1,0,0,0,21,18,"{'9': 1, '7': 1, '5': 1}","{'8': 1, 'queen': 1}"
0,0,1,0,18,18,"{'9': 1, '3': 1, '6': 1}","{'8': 1, '10': 1}"
1,0,0,1,20,25,"{'8': 1, '3': 1, '9': 1}","{'7': 1, '3': 1, '5': 1, 'queen': 1}"
1,0,0,0,19,17,"{'jack': 1, '3': 1, '6': 1}","{'9': 1, '8': 1}"
0,1,0,0,25,15,"{'8': 1, '5': 1, '3': 1, '9': 1}","{'10': 1, '5': 1}"
1,0,0,1,21,23,"{'7': 1, '9': 1, '5': 1}","{'8': 1, '6': 1, '9': 1}"
1,0,0,0,21,19,"{'6': 1, '3': 1, '7': 1, '5': 1}","{'9': 1, 'queen': 1}"
0,0,1,0,17,17,"{'9': 1, '8': 1}","{'10': 1, '7': 1}"
0,1,0,0,22,19,"{'5': 1, '7': 1, 'jack': 1}","{'9': 1, 'queen': 1}"
1,0,0,0,19,17,"{'10': 1, '9': 1}","{'queen': 1, '7': 1}"
1,0,0,1,19,22,"{'9': 1, '10': 1}","{'7': 1, '5': 1, '10': 1}"
1,0,0,0,20,18,"{'7': 1, '5': 1, '8': 1}","{'10': 1, '5': 1, '3': 1}"
1,0,0,0,18,17,"{'8': 1, '10': 1}","{'10': 1, '7': 1}"
0,1,0,0,24,14,"{'8': 1, '6': 1, 'queen': 1}","{'9': 1, '5': 1}"
0,1,0,0,13,21,"{'3': 1, '10': 1}","{'5': 1, 'queen': 1, '6': 1}"
0,1,0,0,22,17,"{'9': 1, '5': 1, '8': 1}","{'10': 1, '7': 1}"
0,1,0,0,17,21,"{'3': 1, '7': 2}","{'8': 1, '7': 1, '6': 1}"
0,1,0,0,13,18,"{'9': 1, '4': 1}","{'5': 1, '10': 1, '3': 1}"
0,1,0,0,15,20,"{'9': 1, '6': 1}","{'3': 1, 'queen': 1, '7': 1}"
1,0,0,0,21,19,"{'7': 1, '3': 1, '6': 1, '5': 1}","{'10': 1, '9': 1}"
1,0,0,0,20,18,"{'10': 1, '3': 1, '7': 1}","{'8': 1, 'queen': 1}"
0,1,0,0,19,20,"{'7': 1, '9': 1, '3': 1}","{'10': 1, 'queen': 1}"
1,0,0,1,19,23,"{'9': 1, 'queen': 1}","{'6': 1, '10': 1, '7': 1}"
0,1,0,0,17,20,"{'jack': 1, '7': 1}","{'5': 1, '9': 1, '6': 1}"
1,0,0,1,21,26,"{'8': 1, '6': 1, '7': 1}","{'9': 1, '7': 1, 'queen': 1}"
0,1,0,0,22,18,"{'9': 1, '3': 1, '10': 1}","{'8': 1, '10': 1}"
1,0,0,1,17,25,"{'7': 1, '10': 1}","{'6': 1, '9': 1, 'queen': 1}"
0,1,0,0,23,17,"{'8': 1, '5': 1, '10': 1}","{'7': 1, 'queen': 1}"
0,1,0,0,17,21,"{'10': 1, '7': 1}","{'7': 1, '5': 1, '9': 1}"
1,0,0,1,19,25,"{'queen': 1, '9': 1}","{'7': 1, '3': 1, '6': 1, '9': 1}"
0,1,0,0,17,19,"{'7': 1, 'jack': 1}","{'jack': 1, '9': 1}"
0,1,0,0,17,19,"{'7': 1, '10': 1}","{'9': 1, 'queen': 1}"
0,1,0,0,24,15,"{'7': 1, '9': 1, '8': 1}","{'9': 1, '6': 1}"
1,0,0,0,21,18,"{'5': 1, '9': 1, '7': 1}","{'9': 1, '6': 1, '3': 1}"
0,1,0,0,23,16,"{'5': 1, '10': 1, '8': 1}","{'10': 1, '6': 1}"
1,0,0,0,19,17,"{'9': 1, '10': 1}","{'8': 1, '6': 1, '3': 1}"
1,0,0,0,18,17,"{'7': 1, '8': 1, '3': 1}","{'10': 1, '7': 1}"
1,0,0,0,21,17,"{'7': 1, '3': 2, '8': 1}","{'9': 1, '8': 1}"
1,0,0,0,20,17,"{'7': 1, '8': 1, '5': 1}","{'10': 1, '7': 1}"
1,0,0,0,19,17,"{'10': 1, '9': 1}","{'jack': 1, '7': 1}"
1,0,0,0,21,20,"{'9': 1, '7': 1, '5': 1}","{'10': 1, 'queen': 1}"
0,1,0,0,18,21,"{'8': 1, '10': 1}","{'5': 1, '7': 1, '9': 1}"
0,1,0,0,17,18,"{'10': 1, '7': 1}","{'7': 1, '6': 1, '5': 1}"
0,1,0,0,23,19,"{'7': 1, '5': 1, '3': 1, '8': 1}","{'9': 1, '10': 1}"
0,1,0,0,17,21,"{'8': 1, '9': 1}","{'7': 1, '6': 1, '3': 1, '5': 1}"
1,0,0,1,16,24,"{'7': 1, '9': 1}","{'5': 1, '10': 1, '9': 1}"
0,1,0,0,19,21,"{'10': 1, '9': 1}","{'6': 1, '5': 1, '10': 1}"
0,1,0,0,24,13,"{'10': 1, '6': 1, '8': 1}","{'queen': 1, '3': 1}"
1,0,0,0,18,17,"{'10': 1, '8': 1}","{'jack': 1, '7': 1}"
1,0,0,0,21,20,"{'7': 1, '9': 1, '5': 1}","{'9': 1, 'ace': 1}"
0,1,0,0,18,19,"{'8': 1, '10': 1}","{'7': 1, '3': 1, '9': 1}"
0,1,0,0,26,19,"{'7': 1, '9': 1, '10': 1}","{'9': 1, 'jack': 1}"
0,1,0,0,17,18,"{'10': 1, '7': 1}","{'queen': 1, '8': 1}"
0,1,0,0,24,15,"{'7': 1, '9': 1, '8': 1}","{'10': 1, '5': 1}"
0,1,0,0,14,20,"{'5': 1, '9': 1}","{'3': 1, '8': 1, '9': 1}"
0,1,0,0,19,20,"{'10': 1, '9': 1}","{'7': 1, '8': 1, '5': 1}"
1,0,0,0,21,19,"{'6': 1, '8': 1, '7': 1}","{'queen': 1, '9': 1}"
0,1,0,0,22,16,"{'3': 1, '5': 1, '6': 1, '8': 1}","{'9': 1, '7': 1}"
0,1,0,0,22,17,"{'9': 1, '3': 1, '10': 1}","{'queen': 1, '7': 1}"
1,0,0,0,19,17,"{'9': 1, '10': 1}","{'10': 1, '7': 1}"
0,1,0,0,23,18,"{'6': 1, '7': 2, '3': 1}","{'10': 1, '8': 1}"
1,0,0,1,15,24,"{'7': 1, '3': 1, '5': 1}","{'6': 1, '8': 1, '10': 1}"
0,1,0,0,19,21,"{'queen': 1, '9': 1}","{'7': 1, '5': 1, '3': 1, '6': 1}"
1,0,0,1,16,24,"{'9': 1, '7': 1}","{'5': 1, '10': 1, '9': 1}"
1,0,0,1,17,23,"{'7': 1, '10': 1}","{'8': 1, '6': 1, '9': 1}"
0,1,0,0,25,19,"{'8': 1, '7': 1, 'jack': 1}","{'10': 1, '9': 1}"
0,1,0,0,18,20,"{'10': 1, '8': 1}","{'5': 1, '7': 1, '8': 1}"
0,1,0,0,19,21,"{'9': 1, 'queen': 1}","{'7': 1, '5': 1, '3': 1, '6': 1}"
0,1,0,0,17,18,"{'8': 1, '9': 1}","{'6': 1, '9': 1, '3': 1}"
1,0,0,0,21,18,"{'7': 1, '9': 1, '5': 1}","{'8': 1, 'queen': 1}"
0,1,0,0,22,12,"{'9': 1, '7': 1, '6': 1}","{'7': 1, '5': 1}"
1,0,0,0,18,17,"{'9': 1, '6': 1, '3': 1}","{'queen': 1, '7': 1}"
0,1,0,0,12,20,"{'9': 1, '3': 1}","{'6': 1, '7': 2}"
0,1,0,0,24,17,"{'9': 1, '5': 1, '10': 1}","{'queen': 1, '7': 1}"
0,1,0,0,19,20,"{'9': 1, '10': 1}","{'7': 1, '3': 1, 'queen': 1}"
0,1,0,0,17,18,"{'7': 1, 'queen': 1}","{'7': 1, '3': 1, '8': 1}"
1,0,0,0,19,17,"{'7': 1, '9': 1, '3': 1}","{'7': 1, '10': 1}"
1,0,0,1,20,26,"{'8': 1, '3': 1, '9': 1}","{'6': 1, '3': 1, '7': 1, '10': 1}"
0,1,0,0,25,13,"{'9': 2, '7': 1}","{'10': 1, '3': 1}"
0,1,0,0,22,14,"{'7': 1, '5': 1, '10': 1}","{'9': 1, '5': 1}"
0,0,1,0,18,18,"{'3': 1, '9': 1, '6': 1}","{'8': 1, '10': 1}"
0,1,0,0,17,20,"{'10': 1, '7': 1}","{'7': 1, '3': 1, 'jack': 1}"
1,0,0,0,20,19,"{'3': 1, '10': 1, '7': 1}","{'9': 1, 'queen': 1}"
1,0,0,0,20,19,"{'8': 1, '5': 1, '7': 1}","{'king': 1, '9': 1}"
1,0,0,1,18,22,"{'8': 1, '10': 1}","{'9': 1, '6': 1, '7': 1}"
1,0,0,0,20,19,"{'5': 1, '8': 1, '7': 1}","{'10': 1, '9': 1}"
0,1,0,0,24,18,"{'king': 1, '5': 1, '9': 1}","{'8': 1, 'queen': 1}"
0,1,0,0,24,16,"{'9': 1, '7': 1, '8': 1}","{'10': 1, '6': 1}"
1,0,0,1,17,22,"{'10': 1, '7': 1}","{'9': 1, '6': 1, '7': 1}"
0,1,0,0,17,21,"{'8': 1, '6': 1, '3': 1}","{'9': 1, '7': 1, '5': 1}"
0,1,0,0,23,18,"{'8': 1, '5': 1, '10': 1}","{'queen': 1, '8': 1}"
0,0,1,0,17,17,"{'7': 1, 'queen': 1}","{'8': 1, '9': 1}"
0,1,0,0,22,16,"{'7': 1, '3': 2, '9': 1}","{'jack': 1, '6': 1}"
0,1,0,0,18,21,"{'8': 1, '10': 1}","{'10': 1, '6': 1, '5': 1}"
0,0,1,0,21,21,"{'6': 1, '10': 1, '5': 1}","{'7': 1, '9': 1, '5': 1}"
0,1,0,0,22,20,"{'7': 1, '6': 1, '9': 1}","{'10': 1, 'jack': 1}"
0,1,0,0,17,20,"{'8': 1, '9': 1}","{'6': 1, '7': 2}"
1,0,0,1,17,22,"{'10': 1, '7': 1}","{'3': 1, '9': 1, 'queen': 1}"
1,0,0,1,20,26,"{'10': 1, '5': 2}","{'7': 1, '3': 1, '6': 1, '10': 1}"
1,0,0,1,18,26,"{'3': 1, '9': 1, '6': 1}","{'7': 1, '9': 1, 'queen': 1}"
1,0,0,0,18,17,"{'9': 1, '3': 1, '6': 1}","{'queen': 1, '7': 1}"
1,0,0,0,19,18,"{'9': 1, '7': 1, '3': 1}","{'7': 1, '5': 1, '6': 1}"
1,0,0,1,15,24,"{'7': 1, '8': 1}","{'5': 1, '10': 1, '9': 1}"
1,0,0,0,21,19,"{'7': 1, '5': 1, '9': 1}","{'jack': 1, '9': 1}"
0,1,0,0,18,20,"{'8': 1, '10': 1}","{'9': 1, '6': 1, '5': 1}"
0,1,0,0,17,20,"{'10': 1, '7': 1}","{'8': 1, '7': 1, '5': 1}"
1,0,0,0,19,17,"{'10': 1, '9': 1}","{'7': 1, 'jack': 1}"
1,0,0,1,19,23,"{'7': 1, '9': 1, '3': 1}","{'10': 1, '5': 1, '8': 1}"
0,1,0,0,22,17,"{'9': 1, '7': 1, '6': 1}","{'jack': 1, '7': 1}"
1,0,0,1,19,26,"{'7': 1, '9': 1, '3': 1}","{'10': 1, '6': 1, 'queen': 1}"
1,0,0,0,20,18,"{'9': 1, '5': 1, '6': 1}","{'8': 1, '10': 1}"
0,1,0,0,17,18,"{'10': 1, '7': 1}","{'8': 1, 'queen': 1}"
0,1,0,0,19,21,"{'9': 1, '10': 1}","{'7': 1, '6': 1, '8': 1}"
1,0,0,0,21,19,"{'8': 1, '7': 1, '6': 1}","{'9': 1, '10': 1}"
0,1,0,0,24,15,"{'9': 1, '7': 1, '8': 1}","{'10': 1, '5': 1}"
1,0,0,1,18,22,"{'10': 1, '8': 1}","{'7': 1, '6': 1, '9': 1}"
0,1,0,0,18,19,"{'8': 1, '3': 1, '7': 1}","{'9': 1, 'queen': 1}"
0,0,1,0,17,17,"{'9': 1, '8': 1}","{'9': 1, '3': 1, '5': 1}"
1,0,0,0,20,19,"{'8': 1, '5': 1, '7': 1}","{'10': 1, '9': 1}"
1,0,0,1,15,25,"{'8': 1, '7': 1}","{'6': 1, '10': 1, '9': 1}"
1,0,0,1,19,22,"{'6': 1, '3': 1, '10': 1}","{'7': 1, '5': 1, 'queen': 1}"
0,1,0,0,26,15,"{'3': 1, '7': 1, '6': 1, '10': 1}","{'8': 1, '7': 1}"
0,1,0,0,24,12,"{'9': 1, '7': 1, '8': 1}","{'7': 1, '5': 1}"
0,1,0,0,25,15,"{'6': 1, '9': 1, 'queen': 1}","{'8': 1, '7': 1}"
0,1,0,0,22,13,"{'7': 1, '6': 1, '9': 1}","{'king': 1, '3': 1}"
0,1,0,0,19,21,"{'9': 1, '3': 1, '7': 1}","{'8': 1, '3': 1, 'queen': 1}"
0,1,0,0,18,21,"{'5': 1, '9': 1, '4': 1}","{'9': 1, '5': 1, '7': 1}"
0,0,1,0,17,17,"{'9': 1, '5': 1, '3': 1}","{'queen': 1, '7': 1}"
0,1,0,0,17,19,"{'7': 1, '10': 1}","{'9': 1, 'queen': 1}"
1,0,0,1,21,24,"{'7': 1, '9': 1, '5': 1}","{'8': 1, '6': 1, '10': 1}"
0,1,0,0,22,19,"{'6': 1, '9': 1, '7': 1}","{'9': 1, 'queen': 1}"
0,1,0,0,26,16,"{'7': 1, '3': 1, '6': 1, '10': 1}","{'9': 1, '7': 1}"
1,0,0,0,18,17,"{'8': 1, '3': 1, '7': 1}","{'10': 1, '7': 1}"
0,1,0,0,22,17,"{'8': 1, '5': 1, '9': 1}","{'7': 1, '10': 1}"
1,0,0,1,18,25,"{'7': 1, '6': 1, '5': 1}","{'9': 1, '6': 1, 'queen': 1}"
0,1,0,0,13,20,"{'7': 1, '6': 1}","{'3': 1, '8': 1, '9': 1}"
0,1,0,0,18,19,"{'queen': 1, '3': 1, '5': 1}","{'jack': 1, '9': 1}"
1,0,0,0,20,18,"{'8': 1, '7': 1, '5': 1}","{'7': 1, '9': 1, '2': 1}"
0,1,0,0,25,13,"{'8': 1, '7': 1, 'queen': 1}","{'9': 1, '4': 1}"
1,0,0,1,21,26,"{'8': 1, '7': 1, '6': 1}","{'9': 1, '7': 1, 'queen': 1}"
0,1,0,0,19,21,"{'7': 1, '3': 1, '9': 1}","{'7': 1, '9': 1, '5': 1}"
0,1,0,0,26,17,"{'9': 1, '7': 1, '10': 1}","{'ace': 1, '6': 1}"
1,0,0,1,19,23,"{'9': 1, 'jack': 1}","{'7': 1, '3': 1, '5': 1, '8': 1}"
0,1,0,0,22,19,"{'9': 1, '5': 1, '8': 1}","{'9': 1, 'jack': 1}"
0,1,0,0,22,12,"{'9': 1, '3': 1, 'queen': 1}","{'7': 1, '5': 1}"
0,0,1,0,19,19,"{'6': 1, '10': 1, '3': 1}","{'9': 1, 'queen': 1}"
1,0,0,1,17,22,"{'8': 1, '9': 1}","{'7': 1, '6': 1, '9': 1}"
0,0,1,0,19,19,"{'queen': 1, '9': 1}","{'8': 1, '7': 1, '4': 1}"
0,1,0,0,19,20,"{'10': 1, '9': 1}","{'5': 1, '8': 1, '7': 1}"
0,1,0,0,22,17,"{'7': 1, '9': 1, '6': 1}","{'10': 1, '7': 1}"
1,0,0,0,19,17,"{'queen': 1, '9': 1}","{'9': 1, '8': 1}"
1,0,0,1,13,23,"{'8': 1, '5': 1}","{'3': 1, '10': 1, 'queen': 1}"
0,1,0,0,23,16,"{'5': 1, '8': 1, '10': 1}","{'9': 1, '7': 1}"
1,0,0,0,18,17,"{'queen': 1, '8': 1}","{'10': 1, '7': 1}"
0,0,1,0,17,17,"{'7': 1, 'queen': 1}","{'5': 1, '9': 1, '3': 1}"
0,1,0,0,17,19,"{'7': 1, '10': 1}","{'queen': 1, '9': 1}"
1,0,0,1,18,25,"{'7': 1, '3': 2, '5': 1}","{'9': 1, '6': 1, 'queen': 1}"
0,1,0,0,22,18,"{'9': 1, '6': 1, '7': 1}","{'jack': 1, '8': 1}"
0,0,1,0,19,19,"{'3': 1, '7': 1, '9': 1}","{'9': 1, 'queen': 1}"
1,0,0,0,18,17,"{'8': 1, 'queen': 1}","{'5': 1, '9': 1, '3': 1}"
1,0,0,1,17,25,"{'9': 1, '8': 1}","{'10': 1, '5': 1, 'queen': 1}"
0,1,0,0,18,20,"{'8': 1, '3': 1, '7': 1}","{'10': 1, 'queen': 1}"
0,1,0,0,17,21,"{'8': 1, '9': 1}","{'5': 1, 'queen': 1, '6': 1}"
0,1,0,0,22,17,"{'9': 1, '6': 1, '7': 1}","{'10': 1, '7': 1}"
0,0,1,0,17,17,"{'7': 1, '10': 1}","{'8': 1, '9': 1}"
0,1,0,0,17,18,"{'7': 1, 'jack': 1}","{'queen': 1, '8': 1}"
0,1,0,0,24,17,"{'8': 1, '6': 1, 'queen': 1}","{'10': 1, '7': 1}"
0,1,0,0,18,20,"{'10': 1, '8': 1}","{'5': 1, '7': 1, '8': 1}"
1,0,0,1,16,24,"{'9': 1, '7': 1}","{'6': 1, 'queen': 1, '8': 1}"
0,0,1,0,17,17,"{'9': 1, '5': 1, '3': 1}","{'10': 1, '7': 1}"
1,0,0,0,21,20,"{'9': 1, '6': 2}","{'10': 1, 'queen': 1}"
1,0,0,0,21,17,"{'7': 1, '9': 1, '5': 1}","{'10': 1, '7': 1}"
1,0,0,0,21,19,"{'8': 1, '3': 2, '7': 1}","{'9': 1, 'queen': 1}"
1,0,0,0,18,17,"{'queen': 1, '8': 1}","{'10': 1, '7': 1}"
0,0,1,0,17,17,"{'6': 1, '8': 1, '3': 1}","{'10': 1, '7': 1}"
1,0,0,0,21,18,"{'9': 1, '7': 1, '5': 1}","{'queen': 1, '8': 1}"
0,1,0,0,18,19,"{'7': 1, '5': 1, '6': 1}","{'9': 1, 'queen': 1}"
1,0,0,1,15,24,"{'8': 1, '7': 1}","{'5': 1, '10': 1, '9': 1}"
0,1,0,0,22,17,"{'7': 1, '5': 1, '10': 1}","{'8': 1, '9': 1}"
1,0,0,0,21,17,"{'6': 1, '3': 1, '7': 1, '5': 1}","{'10': 1, '7': 1}"
0,1,0,0,19,21,"{'10': 1, '6': 1, '3': 1}","{'9': 1, '5': 1, '7': 1}"
1,0,0,1,21,24,"{'9': 1, '7': 1, '5': 1}","{'10': 1, '6': 1, '8': 1}"
1,0,0,1,13,25,"{'8': 1, '5': 1}","{'6': 1, '9': 1, '10': 1}"
1,0,0,1,17,24,"{'8': 1, '9': 1}","{'9': 1, '5': 1, 'queen': 1}"
0,0,1,0,19,19,"{'9': 1, 'jack': 1}","{'6': 1, '3': 1, 'queen': 1}"
1,0,0,1,19,25,"{'3': 1, '7': 1, '9': 1}","{'6': 1, '10': 1, '9': 1}"
0,1,0,0,18,20,"{'10': 1, '8': 1}","{'9': 1, '5': 1, '6': 1}"
1,0,0,1,13,24,"{'7': 1, '6': 1}","{'6': 1, '10': 1, '8': 1}"
1,0,0,0,20,18,"{'6': 1, '9': 1, '5': 1}","{'queen': 1, '8': 1}"
0,1,0,0,24,12,"{'9': 1, '7': 1, '8': 1}","{'7': 1, '5': 1}"
0,1,0,0,23,10,"{'9': 1, '6': 1, '8': 1}","{'7': 1, '3': 1}"
1,0,0,1,16,23,"{'9': 1, '7': 1}","{'5': 1, 'queen': 1, '8': 1}"
1,0,0,0,20,19,"{'10': 1, '3': 1, '7': 1}","{'8': 1, '5': 1, '6': 1}"
0,1,0,0,23,18,"{'9': 1, '7': 2}","{'10': 1, '8': 1}"
0,1,0,0,17,21,"{'10': 1, '7': 1}","{'9': 1, '6': 2}"
1,0,0,0,19,17,"{'9': 1, 'jack': 1}","{'10': 1, '7': 1}"
0,1,0,0,17,21,"{'9': 1, '8': 1}","{'10': 1, '5': 1, '6': 1}"
0,1,0,0,25,17,"{'7': 1, '5': 1, '4': 1, '9': 1}","{'10': 1, '7': 1}"
0,1,0,0,17,18,"{'9': 1, '8': 1}","{'3': 1, '5': 1, '10': 1}"
1,0,0,0,18,17,"{'queen': 1, '3': 1, '5': 1}","{'7': 1, '10': 1}"
1,0,0,0,21,18,"{'5': 1, '9': 1, '7': 1}","{'8': 1, 'jack': 1}"
1,0,0,0,19,18,"{'8': 1, '3': 2, '5': 1}","{'8': 1, 'queen': 1}"
0,1,0,0,18,20,"{'10': 1, '3': 1, '5': 1}","{'9': 1, '5': 1, '6': 1}"
0,1,0,0,17,21,"{'8': 1, '3': 1, '6': 1}","{'9': 1, '7': 1, '5': 1}"
0,1,0,0,26,16,"{'7': 1, '9': 1, '10': 1}","{'jack': 1, '6': 1}"
1,0,0,1,18,23,"{'10': 1, '8': 1}","{'8': 1, '5': 1, '3': 1, '7': 1}"
1,0,0,1,19,22,"{'jack': 1, '9': 1}","{'6': 1, '9': 1, '7': 1}"
0,0,1,0,17,17,"{'9': 1, '5': 1, '3': 1}","{'7': 1, 'jack': 1}"
1,0,0,0,19,17,"{'10': 1, '9': 1}","{'10': 1, '7': 1}"
1,0,0,0,19,18,"{'9': 1, 'jack': 1}","{'5': 1, '10': 1, '3': 1}"
1,0,0,1,19,25,"{'10': 1, '9': 1}","{'7': 1, '8': 1, 'jack': 1}"
1,0,0,0,18,17,"{'9': 1, '6': 1, '3': 1}","{'10': 1, '7': 1}"
0,1,0,0,22,17,"{'9': 1, '3': 1, '10': 1}","{'queen': 1, '7': 1}"
1,0,0,1,18,22,"{'10': 1, '8': 1}","{'9': 1, '7': 1, '6': 1}"
0,1,0,0,23,15,"{'9': 1, '7': 2}","{'10': 1, '5': 1}"
0,1,0,0,25,12,"{'6': 1, '9': 1, '10': 1}","{'7': 1, '5': 1}"
0,1,0,0,22,14,"{'9': 1, '3': 1, '10': 1}",{'7': 2}
1,0,0,1,17,22,"{'7': 1, '10': 1}","{'8': 1, '5': 1, '3': 1, '6': 1}"
1,0,0,0,20,17,"{'5': 1, '6': 1, '9': 1}","{'7': 1, 'queen': 1}"
1,0,0,0,21,20,"{'7': 1, '5': 1, '9': 1}","{'10': 1, 'queen': 1}"
1,0,0,1,13,24,"{'7': 1, '6': 1}","{'5': 1, '9': 1, 'jack': 1}"
0,1,0,0,24,21,"{'queen': 1, '5': 1, '9': 1}","{'10': 1, 'ace': 1}"
0,0,1,0,19,19,"{'7': 1, '9': 1, '3': 1}","{'9': 1, 'queen': 1}"
0,1,0,0,22,18,"{'9': 1, '6': 1, '7': 1}","{'8': 1, '10': 1}"
0,1,0,0,17,20,"{'8': 1, '9': 1}","{'7': 1, '5': 1, '8': 1}"
0,1,0,0,26,12,"{'9': 1, '7': 1, '10': 1}","{'7': 1, '5': 1}"
0,1,0,0,17,18,"{'queen': 1, '7': 1}","{'10': 1, '8': 1}"
1,0,0,1,18,24,"{'6': 1, '9': 1, '3': 1}","{'7': 1, '8': 1, '9': 1}"
0,1,0,0,19,20,"{'8': 1, '5': 1, '6': 1}","{'10': 1, 'queen': 1}"
0,1,0,0,23,17,"{'6': 1, '8': 1, '9': 1}","{'10': 1, '7': 1}"
0,0,1,0,17,17,"{'8': 1, '9': 1}","{'queen': 1, '7': 1}"
0,1,0,0,17,18,"{'8': 1, '9': 1}","{'9': 1, '4': 1, '5': 1}"
0,1,0,0,23,16,"{'8': 1, '3': 1, '5': 1, '7': 1}","{'10': 1, '6': 1}"
0,1,0,0,17,20,"{'9': 1, '5': 1, '3': 1}","{'10': 1, 'queen': 1}"
0,1,0,0,26,16,"{'9': 1, '6': 1, 'ace': 1, 'queen': 1}","{'7': 1, '9': 1}"
1,0,0,1,20,25,"{'7': 1, '5': 1, '8': 1}","{'9': 1, '6': 1, '10': 1}"
0,1,0,0,19,20,"{'9': 1, '10': 1}","{'7': 1, '8': 1, '5': 1}"
1,0,0,1,17,23,"{'7': 1, '10': 1}","{'queen': 1, '6': 1, '7': 1}"
0,1,0,0,24,12,"{'6': 1, '8': 1, '10': 1}","{'9': 1, '3': 1}"
0,1,0,0,24,18,"{'7': 1, '3': 1, '5': 1, '9': 1}","{'8': 1, 'queen': 1}"
1,0,0,0,19,18,"{'9': 1, '7': 1, '3': 1}","{'7': 1, '6': 1, '5': 1}"
0,1,0,0,25,17,"{'6': 1, '10': 1, '9': 1}","{'10': 1, '7': 1}"
1,0,0,1,16,26,"{'9': 1, '7': 1}","{'6': 1, '7': 1, '3': 1, 'jack': 1}"
0,1,0,0,19,21,"{'10': 1, '9': 1}","{'9': 1, '7': 1, '5': 1}"
0,1,0,0,17,20,"{'9': 1, '8': 1}","{'10': 1, 'queen': 1}"
1,0,0,0,21,17,"{'5': 1, '9': 1, '7': 1}","{'10': 1, '7': 1}"
1,0,0,0,20,19,"{'7': 1, '5': 1, '8': 1}","{'9': 1, 'queen': 1}"
1,0,0,1,21,23,"{'7': 1, '3': 1, '5': 1, '6': 1}","{'9': 1, '4': 1, 'jack': 1}"
0,0,1,0,20,20,"{'7': 1, '3': 1, 'queen': 1}","{'9': 1, '6': 1, '5': 1}"
1,0,0,0,18,17,"{'10': 1, '8': 1}","{'7': 1, 'queen': 1}"
0,1,0,0,24,20,"{'7': 1, '9': 1, '8': 1}","{'10': 1, 'queen': 1}"
0,1,0,0,17,19,"{'7': 1, '10': 1}","{'6': 1, '8': 1, '5': 1}"
0,1,0,0,17,21,"{'8': 1, '9': 1}","{'9': 1, '7': 1, '5': 1}"
0,1,0,0,25,17,"{'9': 1, '6': 1, 'queen': 1}","{'7': 1, '10': 1}"
0,1,0,0,23,16,"{'3': 1, '7': 1, '5': 1, '8': 1}","{'9': 1, '7': 1}"
1,0,0,1,20,22,"{'9': 1, '3': 1, '8': 1}","{'10': 1, '5': 1, '7': 1}"
0,1,0,0,18,19,"{'8': 1, '3': 1, '7': 1}","{'9': 1, 'king': 1}"
0,1,0,0,18,20,"{'10': 1, '8': 1}","{'7': 1, '3': 1, 'queen': 1}"
0,1,0,0,22,17,"{'7': 1, '9': 1, '6': 1}","{'7': 1, 'jack': 1}"
1,0,0,1,21,24,"{'6': 1, 'queen': 1, '5': 1}","{'8': 1, '7': 1, '9': 1}"
0,1,0,0,17,18,"{'10': 1, '7': 1}","{'8': 1, '10': 1}"
0,1,0,0,22,15,"{'9': 1, '7': 1, '6': 1}","{'queen': 1, '5': 1}"
1,0,0,0,20,18,"{'6': 1, '9': 1, '5': 1}","{'8': 1, 'queen': 1}"
1,0,0,1,14,22,"{'9': 1, '5': 1}","{'5': 1, '7': 1, '10': 1}"
0,0,1,0,20,20,"{'8': 1, '5': 1, '7': 1}","{'9': 1, '6': 1, '5': 1}"
0,0,1,0,21,21,"{'10': 1, '3': 1, '8': 1}","{'queen': 1, '5': 1, '6': 1}"
0,0,1,0,18,18,"{'10': 1, '8': 1}","{'9': 1, '3': 1, '6': 1}"
1,0,0,0,20,17,"{'9': 1, '3': 1, '8': 1}","{'10': 1, '7': 1}"
0,0,1,0,20,20,"{'8': 1, '3': 1, '9': 1}","{'7': 1, '3': 1, 'queen': 1}"
1,0,0,1,18,24,"{'8': 1, '10': 1}","{'6': 1, 'queen': 1, '8': 1}"
1,0,0,0,18,17,"{'6': 1, '7': 1, '5': 1}","{'9': 1, '8': 1}"
0,1,0,0,22,15,"{'9': 1, '5': 1, '8': 1}","{'10': 1, '5': 1}"
0,0,1,0,19,19,"{'9': 1, '7': 1, '3': 1}","{'jack': 1, '9': 1}"
0,1,0,0,22,19,"{'7': 1, '9': 1, '6': 1}","{'9': 1, '10': 1}"
0,0,1,0,17,17,"{'10': 1, '7': 1}","{'9': 1, '8': 1}"
1,0,0,0,19,18,"{'9': 1, '7': 1, '3': 1}","{'8': 1, 'jack': 1}"
0,1,0,0,17,19,"{'7': 1, '10': 1}","{'9': 1, 'queen': 1}"
0,1,0,0,17,21,"{'8': 1, '9': 1}","{'7': 1, '6': 1, '3': 1, '5': 1}"
0,1,0,0,17,18,"{'10': 1, '7': 1}","{'8': 1, 'queen': 1}"
0,1,0,0,22,19,"{'7': 1, '6': 1, '9': 1}","{'queen': 1, '9': 1}"
1,0,0,1,20,24,"{'3': 1, '7': 1, 'jack': 1}","{'9': 1, '5': 1, '10': 1}"
1,0,0,0,21,19,"{'7': 1, '6': 1, '3': 1, '5': 1}","{'9': 1, 'jack': 1}"
0,1,0,0,26,18,"{'6': 1, '10': 1, 'jack': 1}","{'10': 1, '8': 1}"
0,1,0,0,22,18,"{'9': 1, '3': 1, '10': 1}","{'7': 1, 'ace': 1}"
0,1,0,0,22,13,"{'9': 1, '5': 1, '8': 1}","{'queen': 1, '3': 1}"
0,1,0,0,19,21,"{'10': 1, '9': 1}","{'3': 1, '7': 1, '6': 1, '5': 1}"
0,1,0,0,12,21,"{'5': 1, '7': 1}","{'6': 1, '7': 1, '8': 1}"
1,0,0,1,20,25,"{'9': 1, '5': 1, '6': 1}","{'8': 1, '7': 1, '10': 1}"
0,1,0,0,22,12,"{'9': 1, '3': 1, 'jack': 1}","{'7': 1, '5': 1}"
0,1,0,0,22,18,"{'9': 1, '6': 1, '7': 1}","{'8': 1, '10': 1}"
0,1,0,0,24,17,"{'9': 1, '5': 1, '10': 1}","{'7': 1, 'queen': 1}"
1,0,0,1,17,22,"{'7': 1, '10': 1}","{'5': 1, 'queen': 1, '7': 1}"
1,0,0,0,19,18,"{'10': 1, '9': 1}","{'queen': 1, '8': 1}"
0,1,0,0,22,11,"{'9': 1, '3': 1, 'queen': 1}","{'7': 1, '4': 1}"
0,1,0,0,17,19,"{'10': 1, '7': 1}","{'9': 1, 'queen': 1}"
0,1,0,0,23,19,"{'7': 1, '8': 2}","{'jack': 1, '9': 1}"
0,1,0,0,25,14,"{'8': 1, '7': 1, '10': 1}","{'9': 1, '5': 1}"
1,0,0,1,18,22,"{'10': 1, '8': 1}","{'5': 1, 'queen': 1, '7': 1}"
1,0,0,0,20,17,"{'8': 1, '7': 1, '5': 1}","{'10': 1, '7': 1}"
1,0,0,1,18,25,"{'8': 1, '10': 1}","{'7': 1, '3': 1, '6': 1, '9': 1}"
0,1,0,0,17,19,"{'7': 1, '10': 1}","{'6': 1, '8': 1, '5': 1}"
1,0,0,1,19,23,"{'10': 1, '9': 1}","{'7': 1, '6': 1, 'queen': 1}"
1,0,0,1,17,24,"{'8': 1, '3': 1, '6': 1}","{'7': 1, '8': 1, '9': 1}"
1,0,0,1,18,22,"{'8': 1, '10': 1}","{'3': 1, 'queen': 1, '9': 1}"
0,1,0,0,17,19,"{'7': 1, '10': 1}","{'8': 1, '6': 1, '5': 1}"
0,1,0,0,17,19,"{'10': 1, '7': 1}","{'5': 1, '8': 1, '6': 1}"
1,0,0,1,12,23,"{'9': 1, '3': 1}","{'6': 1, '7': 1, '10': 1}"
1,0,0,1,17,25,"{'10': 1, '7': 1}","{'8': 1, '7': 1, '10': 1}"
0,1,0,0,24,14,"{'7': 1, '9': 1, '8': 1}","{'9': 1, '5': 1}"
1,0,0,1,13,22,"{'7': 1, '6': 1}","{'6': 1, '9': 1, '7': 1}"
0,1,0,0,25,10,"{'6': 1, 'jack': 1, '9': 1}","{'7': 1, '3': 1}"
1,0,0,1,17,25,"{'7': 1, '10': 1}","{'6': 1, '9': 1, 'queen': 1}"
1,0,0,1,18,24,"{'8': 1, '10': 1}","{'9': 1, '7': 1, '8': 1}"
1,0,0,1,17,22,"{'queen': 1, '7': 1}","{'5': 1, '8': 1, '9': 1}"
1,0,0,1,18,22,"{'3': 1, '6': 1, '9': 1}","{'10': 1, '5': 1, '7': 1}"
1,0,0,0,18,17,"{'8': 1, '6': 1, '4': 1}","{'7': 1, '10': 1}"
0,1,0,0,17,19,"{'10': 1, '7': 1}","{'9': 1, 'queen': 1}"
0,1,0,0,17,21,"{'10': 1, '7': 1}","{'9': 1, '5': 1, '7': 1}"
1,0,0,1,17,25,"{'7': 1, '10': 1}","{'6': 1, '9': 1, 'queen': 1}"
0,0,1,0,21,21,"{'8': 1, '7': 1, '6': 1}","{'7': 1, '5': 1, '9': 1}"
1,0,0,1,20,23,"{'9': 1, '3': 1, '8': 1}","{'7': 1, '6': 1, '10': 1}"
1,0,0,1,16,23,"{'7': 1, '9': 1}","{'5': 1, '8': 1, '10': 1}"
0,1,0,0,18,19,"{'10': 1, '8': 1}","{'queen': 1, '9': 1}"
0,1,0,0,17,19,"{'7': 1, '10': 1}","{'8': 1, '6': 1, '5': 1}"
0,1,0,0,18,20,"{'8': 1, '10': 1}","{'10': 1, '3': 1, '7': 1}"
1,0,0,0,21,18,"{'9': 1, '7': 1, '5': 1}","{'7': 1, '6': 1, '5': 1}"
0,1,0,0,18,21,"{'10': 1, '3': 1, '5': 1}","{'9': 1, '7': 1, '5': 1}"
1,0,0,1,18,24,"{'3': 1, '7': 1, '8': 1}","{'9': 1, '5': 1, 'queen': 1}"
1,0,0,1,18,24,"{'8': 1, '7': 1, '3': 1}","{'9': 1, '5': 1, '10': 1}"
1,0,0,1,17,23,"{'8': 1, '9': 1}","{'6': 1, 'queen': 1, '7': 1}"
0,1,0,0,19,20,"{'9': 1, '7': 1, '3': 1}","{'jack': 1, 'queen': 1}"
0,1,0,0,17,21,"{'9': 1, '8': 1}","{'7': 1, '3': 1, '5': 1, '6': 1}"
0,1,0,0,18,20,"{'6': 1, '9': 1, '3': 1}","{'7': 1, '5': 1, '8': 1}"
0,1,0,0,18,20,"{'8': 1, '3': 1, '7': 1}","{'10': 1, 'queen': 1}"
0,1,0,0,24,13,"{'8': 1, '7': 1, '9': 1}","{'10': 1, '3': 1}"
0,1,0,0,24,15,"{'10': 1, '6': 1, '8': 1}","{'7': 1, '8': 1}"
0,1,0,0,25,20,"{'jack': 1, '6': 1, '9': 1}","{'10': 1, 'queen': 1}"
0,1,0,0,17,18,"{'8': 1, '9': 1}","{'queen': 1, '8': 1}"
1,0,0,1,19,26,"{'7': 1, '3': 1, '9': 1}","{'6': 1, '10': 1, 'queen': 1}"
0,1,0,0,25,11,"{'7': 1, '8': 1, 'jack': 1}","{'8': 1, '3': 1}"
0,1,0,0,16,19,"{'7': 1, '9': 1}","{'6': 1, '8': 1, '5': 1}"
0,1,0,0,15,21,"{'8': 1, '7': 1}","{'5': 1, 'jack': 1, '6': 1}"
1,0,0,0,20,17,"{'queen': 1, '10': 1}","{'9': 1, '5': 1, '3': 1}"
1,0,0,1,19,23,"{'9': 1, '7': 1, '3': 1}","{'10': 1, '5': 1, '8': 1}"
0,1,0,0,19,21,"{'9': 1, '5': 2}","{'8': 1, '7': 1, '6': 1}"
1,0,0,0,19,18,"{'10': 1, '9': 1}","{'8': 1, 'queen': 1}"
0,1,0,0,26,14,"{'6': 1, '10': 1, 'queen': 1}","{'9': 1, '5': 1}"
0,1,0,0,22,17,"{'9': 1, '7': 1, '6': 1}","{'7': 1, '10': 1}"
1,0,0,1,20,24,"{'9': 1, '7': 1, '4': 1}","{'jack': 1, '6': 1, '8': 1}"
0,1,0,0,18,21,"{'9': 1, '6': 1, '3': 1}","{'8': 1, '6': 1, '7': 1}"
1,0,0,1,18,25,"{'8': 1, '10': 1}","{'7': 1, '3': 1, '6': 1, '9': 1}"
0,1,0,0,18,19,"{'8': 1, '7': 1, '3': 1}","{'10': 1, '9': 1}"
1,0,0,1,17,24,"{'10': 1, '7': 1}","{'8': 1, '6': 1, 'queen': 1}"
1,0,0,0,19,18,"{'10': 1, '9': 1}","{'10': 1, '8': 1}"
0,1,0,0,25,17,"{'8': 1, '5': 1, '3': 1, '9': 1}","{'10': 1, '7': 1}"
0,1,0,0,17,20,"{'10': 1, '7': 1}","{'5': 1, '7': 1, '8': 1}"
1,0,0,1,19,23,"{'9': 1, '7': 1, '3': 1}","{'10': 1, '6': 1, '7': 1}"
0,1,0,0,26,12,"{'7': 1, '9': 1, '10': 1}","{'9': 1, '3': 1}"
0,1,0,0,19,21,"{'7': 1, '3': 1, '9': 1}","{'7': 1, '9': 1, '5': 1}"
1,0,0,1,16,22,"{'9': 1, '7': 1}","{'4': 1, '7': 1, '3': 1, '8': 1}"
0,1,0,0,25,15,"{'10': 1, '6': 1, '9': 1}","{'8': 1, '7': 1}"
1,0,0,0,18,17,"{'jack': 1, '8': 1}","{'8': 1, '9': 1}"
0,1,0,0,17,21,"{'9': 1, '5': 1, '3': 1}","{'7': 1, '6': 1, '8': 1}"
0,0,1,0,18,18,"{'7': 1, '9': 1, '2': 1}","{'10': 1, '8': 1}"
0,1,0,0,22,15,"{'jack': 1, '3': 1, '9': 1}","{'8': 1, '7': 1}"
0,1,0,0,22,10,"{'6': 1, '7': 1, '9': 1}","{'7': 1, '3': 1}"
0,1,0,0,24,16,"{'10': 1, '6': 1, '8': 1}","{'9': 1, '7': 1}"
0,1,0,0,22,16,"{'10': 1, '3': 1, '9': 1}","{'7': 1, '9': 1}"
0,1,0,0,15,21,"{'6': 1, '9': 1}","{'3': 1, 'queen': 1, '8': 1}"
1,0,0,0,21,18,"{'3': 1, '10': 1, '8': 1}","{'7': 1, '6': 1, '5': 1}"
1,0,0,0,20,17,"{'10': 1, '3': 1, '7': 1}","{'7': 1, 'queen': 1}"
1,0,0,1,18,22,"{'10': 1, '8': 1}","{'10': 1, '5': 1, '7': 1}"
1,0,0,1,17,25,"{'9': 1, '8': 1}","{'7': 1, '6': 1, '2': 1, 'jack': 1}"
0,1,0,0,23,10,"{'10': 1, '3': 1, 'queen': 1}","{'7': 1, '3': 1}"
1,0,0,1,13,23,"{'8': 1, '5': 1}","{'4': 1, '9': 1, '10': 1}"
1,0,0,1,20,23,"{'8': 1, '3': 2, '6': 1}","{'10': 1, '6': 1, '7': 1}"
1,0,0,1,17,23,"{'7': 1, '10': 1}","{'6': 1, '8': 1, '9': 1}"
1,0,0,1,18,25,"{'8': 1, 'jack': 1}","{'9': 1, '6': 1, '10': 1}"
0,0,1,0,18,18,"{'7': 1, '6': 1, '5': 1}","{'8': 1, '10': 1}"
1,0,0,1,17,25,"{'10': 1, '7': 1}","{'8': 1, '5': 1, '3': 1, '9': 1}"
1,0,0,0,20,18,"{'8': 1, '7': 1, '5': 1}","{'8': 1, '10': 1}"
0,1,0,0,17,21,"{'queen': 1, '7': 1}","{'10': 1, '6': 1, '5': 1}"
0,1,0,0,22,17,"{'7': 1, '6': 1, '9': 1}","{'queen': 1, '7': 1}"
0,1,0,0,24,18,"{'10': 1, '5': 1, '9': 1}","{'8': 1, 'queen': 1}"
0,1,0,0,17,20,"{'10': 1, '7': 1}","{'9': 1, '5': 1, '6': 1}"
0,1,0,0,23,14,"{'7': 1, '6': 1, '10': 1}","{'9': 1, '5': 1}"
0,1,0,0,23,20,"{'6': 1, '9': 1, '8': 1}","{'10': 1, 'jack': 1}"
1,0,0,0,19,17,"{'9': 1, '10': 1}","{'7': 1, 'queen': 1}"
1,0,0,0,18,17,"{'8': 1, '10': 1}","{'7': 1, 'jack': 1}"
0,1,0,0,15,17,"{'9': 1, '6': 1}","{'3': 1, '9': 1, '5': 1}"
0,0,1,0,20,20,"{'9': 1, '6': 1, '5': 1}","{'10': 1, 'queen': 1}"
0,1,0,0,19,21,"{'10': 1, '9': 1}","{'7': 1, '6': 1, '8': 1}"
0,1,0,0,24,13,"{'7': 1, '9': 1, '8': 1}","{'10': 1, '3': 1}"
1,0,0,0,20,19,"{'5': 1, '8': 1, '7': 1}","{'10': 1, '9': 1}"
0,1,0,0,18,21,"{'10': 1, '8': 1}","{'9': 1, '7': 1, '5': 1}"
1,0,0,1,19,24,"{'jack': 1, '9': 1}","{'7': 1, '3': 1, '6': 1, '8': 1}"
1,0,0,0,19,17,"{'9': 1, 'queen': 1}","{'10': 1, '7': 1}"
1,0,0,1,19,25,"{'7': 1, '9': 1, '3': 1}","{'10': 1, '6': 1, '9': 1}"
0,1,0,0,19,21,"{'7': 1, '9': 1, '3': 1}","{'8': 1, '7': 1, '6': 1}"
0,1,0,0,19,20,"{'9': 1, '7': 1, '3': 1}","{'10': 1, 'queen': 1}"
0,1,0,0,23,14,"{'6': 1, '9': 1, '8': 1}","{'9': 1, '5': 1}"
0,1,0,0,24,18,"{'7': 1, '3': 1, '5': 1, '9': 1}","{'jack': 1, '8': 1}"
0,0,1,0,17,17,"{'8': 1, '9': 1}","{'7': 1, 'queen': 1}"
0,1,0,0,17,19,"{'7': 1, 'queen': 1}","{'9': 1, '10': 1}"
0,1,0,0,18,19,"{'8': 1, '10': 1}","{'9': 1, 'queen': 1}"
0,0,1,0,17,17,"{'9': 1, '8': 1}","{'queen': 1, '7': 1}"
0,1,0,0,23,11,"{'9': 1, '7': 2}","{'8': 1, '3': 1}"
1,0,0,0,21,18,"{'7': 1, '5': 1, '3': 1, '6': 1}","{'8': 1, 'queen': 1}"
0,1,0,0,26,15,"{'9': 1, '7': 1, '10': 1}","{'queen': 1, '5': 1}"
1,0,0,0,20,19,"{'queen': 1, '3': 1, '7': 1}","{'king': 1, '9': 1}"
0,1,0,0,18,19,"{'7': 1, '5': 1, '6': 1}","{'9': 1, 'queen': 1}"
1,0,0,0,21,19,"{'7': 1, '5': 1, '9': 1}","{'jack': 1, '3': 1, '6': 1}"
1,0,0,1,14,22,"{'8': 1, '6': 1}","{'3': 1, '9': 1, '10': 1}"
1,0,0,0,20,19,"{'7': 1, '5': 1, '8': 1}","{'10': 1, '9': 1}"
1,0,0,1,19,22,"{'10': 1, '9': 1}","{'5': 1, '7': 1, 'queen': 1}"
0,1,0,0,14,20,"{'8': 1, '6': 1}","{'3': 1, 'queen': 1, '7': 1}"
0,1,0,0,22,14,"{'9': 1, '3': 1, '10': 1}","{'8': 1, '6': 1}"
1,0,0,0,20,18,"{'9': 1, '6': 1, '5': 1}","{'queen': 1, '8': 1}"
0,1,0,0,22,19,"{'7': 2, '8': 1}","{'9': 1, 'queen': 1}"
0,1,0,0,17,19,"{'9': 1, '5': 1, '3': 1}","{'10': 1, '3': 1, '6': 1}"
0,1,0,0,23,16,"{'7': 1, '3': 1, '5': 1, '8': 1}","{'9': 1, '7': 1}"
0,1,0,0,22,13,"{'7': 1, '5': 1, '10': 1}","{'queen': 1, '3': 1}"
0,1,0,0,18,19,"{'8': 1, '7': 1, '3': 1}","{'9': 1, 'queen': 1}"
0,1,0,0,22,20,"{'6': 1, '9': 1, '7': 1}","{'10': 1, 'queen': 1}"
1,0,0,0,19,17,"{'9': 1, '5': 2}","{'jack': 1, '7': 1}"
1,0,0,1,18,24,"{'8': 1, '10': 1}","{'9': 1, '7': 1, '8': 1}"
1,0,0,1,17,24,"{'9': 1, '8': 1}","{'3': 1, '6': 1, '5': 1, '10': 1}"
1,0,0,1,19,22,"{'9': 1, '10': 1}","{'7': 1, '5': 1, 'queen': 1}"
1,0,0,0,21,18,"{'10': 1, '6': 1, '5': 1}","{'8': 1, 'queen': 1}"
0,1,0,0,19,21,"{'8': 1, '6': 1, '5': 1}","{'7': 1, '9': 1, '5': 1}"
1,0,0,1,17,26,"{'8': 1, '9': 1}","{'7': 1, '3': 1, '6': 1, 'queen': 1}"
0,1,0,0,23,15,"{'7': 1, '8': 2}","{'10': 1, '5': 1}"
0,1,0,0,23,16,"{'8': 1, '5': 1, '10': 1}","{'9': 1, '7': 1}"
1,0,0,0,21,17,"{'7': 1, '9': 1, '5': 1}","{'10': 1, '7': 1}"
0,0,1,0,19,19,"{'10': 1, '9': 1}","{'6': 1, 'queen': 1, '3': 1}"
0,1,0,0,22,19,"{'6': 1, '9': 1, '7': 1}","{'9': 1, 'jack': 1}"
0,1,0,0,22,20,"{'7': 1, '6': 1, '9': 1}","{'10': 1, 'jack': 1}"
0,1,0,0,22,17,"{'9': 1, '3': 1, 'jack': 1}","{'queen': 1, '7': 1}"
0,1,0,0,17,21,"{'7': 1, 'queen': 1}","{'8': 1, '3': 1, '10': 1}"
0,1,0,0,22,17,"{'7': 1, '9': 1, '6': 1}","{'7': 1, '10': 1}"
1,0,0,1,19,22,"{'9': 1, 'jack': 1}","{'5': 1, '7': 1, '10': 1}"
0,0,1,0,17,17,"{'8': 1, '9': 1}","{'7': 1, 'jack': 1}"
1,0,0,0,19,17,"{'9': 1, '5': 2}","{'7': 1, '10': 1}"
1,0,0,0,19,18,"{'7': 1, '6': 2}","{'8': 1, '10': 1}"
1,0,0,0,21,17,"{'7': 1, '3': 2, '8': 1}","{'queen': 1, '7': 1}"
1,0,0,0,19,17,"{'7': 1, '3': 1, '5': 1, '4': 1}","{'9': 1, '8': 1}"
1,0,0,0,20,17,"{'9': 1, '6': 1, '5': 1}","{'7': 1, 'jack': 1}"
0,1,0,0,24,18,"{'9': 1, '7': 1, '8': 1}","{'queen': 1, '8': 1}"
0,1,0,0,22,19,"{'10': 1, '5': 1, '7': 1}","{'9': 1, 'queen': 1}"
1,0,0,1,18,25,"{'8': 1, '10': 1}","{'9': 1, '6': 1, 'queen': 1}"
0,1,0,0,17,20,"{'10': 1, '7': 1}","{'9': 1, '5': 1, '6': 1}"
1,0,0,1,15,24,"{'8': 1, '7': 1}","{'5': 1, '9': 1, 'queen': 1}"
1,0,0,1,18,25,"{'8': 1, '7': 1, '3': 1}","{'9': 1, '6': 1, 'queen': 1}"
0,1,0,0,18,19,"{'3': 1, '8': 1, '7': 1}","{'9': 1, 'queen': 1}"
1,0,0,1,21,24,"{'8': 1, '7': 1, '6': 1}","{'9': 1, '5': 1, 'queen': 1}"
1,0,0,0,19,17,"{'9': 1, '10': 1}","{'queen': 1, '7': 1}"
1,0,0,0,21,18,"{'5': 1, '9': 1, '7': 1}","{'8': 1, '10': 1}"
1,0,0,0,19,17,"{'9': 1, '7': 1, '3': 1}","{'queen': 1, '7': 1}"
1,0,0,1,19,24,"{'8': 1, '6': 1, '5': 1}","{'8': 1, '6': 1, '10': 1}"
1,0,0,1,15,25,"{'8': 1, '7': 1}","{'6': 1, '9': 1, 'jack': 1}"
0,0,1,0,19,19,"{'ace': 1, '8': 1}","{'10': 1, '6': 1, '3': 1}"
0,1,0,0,17,19,"{'8': 1, '3': 1, '6': 1}","{'9': 1, 'queen': 1}"
0,1,0,0,17,19,"{'3': 1, '9': 1, '5': 1}","{'queen': 1, '9': 1}"
0,1,0,0,17,19,"{'7': 1, '10': 1}","{'queen': 1, '9': 1}"
0,0,1,0,17,17,"{'8': 1, '9': 1}","{'queen': 1, '7': 1}"
1,0,0,0,20,17,"{'10': 1, 'queen': 1}","{'7': 1, '10': 1}"
1,0,0,0,20,17,"{'10': 1, 'jack': 1}","{'7': 1, 'queen': 1}"
1,0,0,0,19,17,"{'7': 1, '3': 1, '9': 1}","{'7': 1, '10': 1}"
0,1,0,0,18,20,"{'8': 1, '10': 1}","{'10': 1, 'queen': 1}"
0,1,0,0,19,20,"{'9': 1, '5': 2}","{'7': 1, '3': 1, 'queen': 1}"
0,1,0,0,26,15,"{'7': 1, '9': 1, 'queen': 1}","{'9': 1, '6': 1}"
0,1,0,0,19,21,"{'9': 1, 'queen': 1}","{'5': 1, '10': 1, '6': 1}"
0,1,0,0,17,18,"{'8': 1, '4': 1, '5': 1}","{'8': 1, '3': 1, '7': 1}"
1,0,0,1,18,23,"{'8': 1, 'queen': 1}","{'9': 1, '6': 1, '8': 1}"
1,0,0,1,19,22,"{'7': 1, '6': 2}","{'9': 1, '3': 1, '10': 1}"
1,0,0,0,20,18,"{'8': 1, '3': 1, '9': 1}","{'7': 1, '6': 1, '5': 1}"
0,1,0,0,22,19,"{'7': 1, '9': 1, '6': 1}","{'9': 1, 'queen': 1}"
0,1,0,0,22,10,"{'9': 1, '3': 1, '10': 1}","{'7': 1, '3': 1}"
0,1,0,0,24,17,"{'5': 1, '9': 1, '10': 1}","{'7': 1, 'queen': 1}"
0,1,0,0,24,17,"{'6': 1, '9': 2}","{'queen': 1, '7': 1}"
0,1,0,0,17,20,"{'10': 1, '7': 1}","{'6': 1, '5': 1, '9': 1}"
1,0,0,1,15,22,"{'8': 1, '7': 1}","{'5': 1, '10': 1, '7': 1}"
1,0,0,0,21,20,"{'7': 1, '9': 1, '5': 1}","{'10': 1, 'queen': 1}"
1,0,0,1,17,24,"{'7': 1, 'jack': 1}","{'9': 1, '5': 1, 'queen': 1}"
0,0,1,0,17,17,"{'8': 1, '9': 1}","{'10': 1, '7': 1}"
1,0,0,1,20,22,"{'7': 1, '3': 1, 'queen': 1}","{'9': 1, '5': 1, '8': 1}"
1,0,0,0,19,17,"{'9': 1, '4': 1, '6': 1}","{'7': 1, 'queen': 1}"
1,0,0,1,20,25,"{'7': 1, '4': 1, '9': 1}","{'9': 1, '6': 1, '10': 1}"
0,0,1,0,18,18,"{'9': 1, '3': 1, '6': 1}","{'7': 1, '6': 1, '5': 1}"
1,0,0,1,18,22,"{'8': 1, 'queen': 1}","{'7': 1, '5': 1, '10': 1}"
0,1,0,0,18,21,"{'8': 1, '10': 1}","{'9': 1, '7': 1, '5': 1}"
0,1,0,0,15,20,"{'9': 1, '6': 1}","{'5': 1, '7': 1, '8': 1}"
1,0,0,1,20,22,"{'10': 1, '5': 2}","{'7': 1, '9': 1, '6': 1}"
1,0,0,0,18,17,"{'10': 1, '8': 1}","{'jack': 1, '7': 1}"
1,0,0,0,20,17,"{'10': 1, 'queen': 1}","{'10': 1, '7': 1}"
1,0,0,1,17,22,"{'9': 1, '8': 1}","{'5': 1, 'queen': 1, '7': 1}"
1,0,0,1,17,22,"{'9': 1, '8': 1}","{'5': 1, '10': 1, '7': 1}"
0,0,1,0,17,17,"{'8': 1, '6': 1, '3': 1}","{'10': 1, '7': 1}"
0,1,0,0,24,12,"{'10': 1, '4': 1, 'jack': 1}","{'7': 1, '5': 1}"
0,1,0,0,22,16,"{'9': 1, '3': 1, '10': 1}","{'9': 1, '7': 1}"
0,0,1,0,19,19,"{'10': 1, '6': 1, '3': 1}","{'9': 1, '3': 1, '7': 1}"
0,1,0,0,18,20,"{'7': 1, '5': 1, '3': 2}","{'10': 1, 'jack': 1}"
0,1,0,0,17,21,"{'7': 1, '10': 1}","{'9': 1, '6': 2}"
0,1,0,0,17,20,"{'7': 1, 'king': 1}","{'10': 1, '3': 1, '7': 1}"
0,0,1,0,19,19,"{'jack': 1, '9': 1}","{'6': 1, '8': 1, '5': 1}"
1,0,0,0,21,18,"{'9': 1, '7': 1, '5': 1}","{'10': 1, '6': 1, '2': 1}"
0,1,0,0,17,20,"{'8': 1, '9': 1}","{'queen': 1, '3': 1, '7': 1}"
1,0,0,1,18,26,"{'10': 1, '8': 1}","{'7': 1, '9': 1, 'queen': 1}"
0,1,0,0,16,17,"{'10': 1, '6': 1}","{'5': 1, '3': 1, '9': 1}"
0,1,0,0,25,13,"{'10': 1, '6': 1, '9': 1}","{'8': 1, '5': 1}"
0,1,0,0,17,18,"{'7': 1, '10': 1}","{'10': 1, '8': 1}"
0,0,1,0,17,17,"{'9': 1, '8': 1}","{'7': 1, 'queen': 1}"
0,1,0,0,15,19,"{'9': 1, '6': 1}","{'6': 1, '3': 1, 'queen': 1}"
0,1,0,0,25,16,"{'8': 1, '3': 1, '5': 1, '9': 1}","{'7': 1, '9': 1}"
0,0,1,0,21,21,"{'9': 1, '7': 1, '5': 1}","{'7': 1, '3': 1, '6': 1, '5': 1}"
0,1,0,0,14,17,"{'9': 1, '5': 1}","{'6': 1, '3': 1, '8': 1}"
0,0,1,0,18,18,"{'8': 1, '7': 1, '3': 1}","{'jack': 1, '8': 1}"
0,1,0,0,24,17,"{'8': 1, '7': 1, '9': 1}","{'10': 1, '7': 1}"
1,0,0,0,21,18,"{'9': 1, '7': 1, '5': 1}","{'10': 1, '8': 1}"
1,0,0,0,21,17,"{'7': 1, '8': 1, '6': 1}","{'9': 1, '5': 1, '3': 1}"
1,0,0,0,21,18,"{'8': 1, '7': 1, '6': 1}","{'8': 1, 'jack': 1}"
0,0,1,0,19,19,"{'9': 1, 'queen': 1}","{'8': 1, '6': 1, '5': 1}"
1,0,0,1,17,23,"{'7': 1, '10': 1}","{'5': 1, 'queen': 1, '8': 1}"
0,1,0,0,24,16,"{'10': 1, '5': 1, '9': 1}","{'7': 1, '9': 1}"
1,0,0,0,19,18,"{'9': 1, '3': 1, '7': 1}","{'8': 1, 'queen': 1}"
0,1,0,0,22,15,"{'7': 1, '9': 1, '6': 1}","{'9': 1, '6': 1}"
0,1,0,0,18,21,"{'8': 1, '7': 1, '3': 1}","{'10': 1, '6': 1, '5': 1}"
0,1,0,0,23,10,"{'8': 1, '5': 1, 'queen': 1}","{'7': 1, '3': 1}"
0,0,1,0,17,17,"{'8': 1, '9': 1}","{'queen': 1, '7': 1}"
0,1,0,0,24,18,"{'9': 1, '7': 1, '8': 1}","{'10': 1, '8': 1}"
1,0,0,0,20,17,"{'6': 1, '9': 1, '5': 1}","{'10': 1, '7': 1}"
1,0,0,0,21,19,"{'7': 1, '5': 1, '9': 1}","{'10': 1, '6': 1, '3': 1}"
1,0,0,0,19,18,"{'9': 1, '10': 1}","{'8': 1, 'queen': 1}"
0,1,0,0,24,17,"{'9': 1, '7': 1, '8': 1}","{'7': 1, 'queen': 1}"
0,0,1,0,17,17,"{'8': 1, '9': 1}","{'7': 1, 'queen': 1}"
0,0,1,0,21,21,"{'7': 1, '9': 1, '5': 1}","{'9': 1, '7': 1, '5': 1}"
1,0,0,0,19,17,"{'10': 1, '9': 1}","{'6': 1, '3': 1, '8': 1}"
1,0,0,1,13,22,"{'8': 1, '5': 1}","{'3': 1, '10': 1, '9': 1}"
1,0,0,1,19,23,"{'7': 1, '9': 1, '3': 1}","{'9': 1, '6': 1, '8': 1}"
0,1,0,0,22,17,"{'10': 1, '5': 1, '7': 1}","{'queen': 1, '7': 1}"
0,1,0,0,18,19,"{'8': 1, 'jack': 1}","{'10': 1, '4': 1, '5': 1}"
1,0,0,0,19,18,"{'3': 1, '7': 1, '9': 1}","{'10': 1, '8': 1}"
0,1,0,0,25,19,"{'8': 1, '7': 1, '10': 1}","{'9': 1, '10': 1}"
0,1,0,0,18,20,"{'7': 1, '5': 1, '6': 1}","{'8': 1, '5': 1, '7': 1}"
0,1,0,0,24,17,"{'9': 1, '7': 1, '8': 1}","{'7': 1, '10': 1}"
0,1,0,0,25,14,"{'6': 1, '9': 1, 'queen': 1}","{'9': 1, '5': 1}"
1,0,0,0,21,18,"{'9': 1, '7': 1, '5': 1}","{'queen': 1, '8': 1}"
0,1,0,0,25,17,"{'6': 1, '9': 1, 'queen': 1}","{'7': 1, '10': 1}"
0,1,0,0,17,19,"{'10': 1, '7': 1}","{'6': 1, '8': 1, '5': 1}"
0,1,0,0,22,17,"{'9': 1, '7': 1, '6': 1}","{'10': 1, '7': 1}"
1,0,0,0,18,17,"{'8': 1, '10': 1}","{'7': 1, 'queen': 1}"
0,0,1,0,17,17,"{'7': 1, 'jack': 1}","{'8': 1, '3': 1, '6': 1}"
0,1,0,0,17,20,"{'8': 1, '9': 1}","{'10': 1, 'queen': 1}"
0,1,0,0,17,18,"{'10': 1, '7': 1}","{'7': 1, '6': 1, '5': 1}"
0,1,0,0,17,21,"{'9': 1, '8': 1}","{'10': 1, '6': 1, '5': 1}"
0,1,0,0,12,17,"{'7': 1, '5': 1}","{'3': 1, '9': 1, '5': 1}"
1,0,0,1,17,22,"{'7': 1, 'queen': 1}","{'4': 1, '5': 1, '3': 1, '10': 1}"
1,0,0,0,19,18,"{'7': 1, '9': 1, '3': 1}","{'queen': 1, '8': 1}"
0,1,0,0,18,21,"{'jack': 1, '8': 1}","{'8': 1, '3': 1, 'queen': 1}"
0,0,1,0,17,17,"{'7': 1, 'queen': 1}","{'8': 1, '3': 1, '6': 1}"
0,1,0,0,19,21,"{'10': 1, '9': 1}","{'6': 1, '7': 1, '8': 1}"
0,1,0,0,24,20,"{'7': 1, '9': 1, '8': 1}","{'10': 1, 'queen': 1}"
0,1,0,0,23,16,"{'7': 1, '5': 1, '3': 1, '8': 1}","{'10': 1, '6': 1}"
0,1,0,0,12,20,"{'9': 1, '3': 1}","{'5': 1, '7': 1, '8': 1}"
0,1,0,0,17,20,"{'10': 1, '7': 1}","{'9': 1, '6': 1, '5': 1}"
0,1,0,0,24,13,"{'9': 1, '5': 1, 'jack': 1}","{'7': 1, '6': 1}"
0,1,0,0,22,14,"{'5': 1, '9': 1, '8': 1}","{'9': 1, '5': 1}"
0,1,0,0,23,16,"{'10': 1, '6': 1, '7': 1}","{'9': 1, '7': 1}"
0,1,0,0,24,13,"{'9': 1, '5': 1, '10': 1}","{'7': 1, '6': 1}"
0,1,0,0,24,14,"{'7': 1, '9': 1, '8': 1}","{'9': 1, '5': 1}"
1,0,0,0,21,17,"{'9': 1, '7': 1, '5': 1}","{'10': 1, '7': 1}"
0,1,0,0,18,21,"{'8': 1, '10': 1}","{'5': 1, '7': 1, '9': 1}"
0,1,0,0,19,20,"{'9': 1, '5': 2}","{'queen': 1, '10': 1}"
0,1,0,0,24,16,"{'6': 1, '8': 1, '10': 1}","{'9': 1, '7': 1}"
0,1,0,0,18,20,"{'8': 1, '10': 1}","{'10': 1, 'queen': 1}"
0,0,1,0,21,21,"{'8': 1, '4': 1, '9': 1}","{'7': 1, '9': 1, '5': 1}"
0,1,0,0,17,19,"{'3': 1, '8': 1, '6': 1}","{'10': 1, '9': 1}"
0,1,0,0,16,17,"{'7': 1, '9': 1}","{'6': 1, '8': 1, '3': 1}"
0,1,0,0,22,13,"{'10': 1, '3': 1, '9': 1}","{'7': 1, '6': 1}"
0,1,0,0,17,18,"{'7': 1, 'queen': 1}","{'9': 1, '6': 1, '3': 1}"
1,0,0,0,20,17,"{'7': 1, '8': 1, '5': 1}","{'7': 1, '10': 1}"
0,1,0,0,22,16,"{'9': 1, '6': 1, '7': 1}","{'queen': 1, '6': 1}"
0,1,0,0,24,15,"{'9': 1, '5': 1, 'jack': 1}","{'8': 1, '7': 1}"
0,0,1,0,18,18,"{'7': 1, '8': 1, '3': 1}","{'8': 1, 'queen': 1}"
0,1,0,0,17,19,"{'10': 1, '7': 1}","{'6': 1, 'queen': 1, '3': 1}"
1,0,0,0,19,17,"{'9': 1, 'jack': 1}","{'7': 1, 'queen': 1}"
1,0,0,0,21,18,"{'7': 1, '5': 1, '9': 1}","{'8': 1, 'queen': 1}"
0,1,0,0,17,18,"{'queen': 1, '7': 1}","{'10': 1, '8': 1}"
0,1,0,0,19,21,"{'10': 1, '9': 1}","{'7': 1, '6': 1, '8': 1}"
0,1,0,0,17,20,"{'8': 1, '9': 1}","{'10': 1, 'queen': 1}"
0,1,0,0,23,12,"{'6': 1, '7': 1, 'jack': 1}","{'9': 1, '3': 1}"
1,0,0,0,20,18,"{'3': 1, '9': 1, '8': 1}","{'8': 1, 'queen': 1}"
0,1,0,0,22,16,"{'7': 1, '3': 2, '9': 1}","{'10': 1, '6': 1}"
1,0,0,1,17,23,"{'10': 1, '7': 1}","{'6': 1, '8': 1, '9': 1}"
0,1,0,0,18,19,"{'7': 1, '5': 1, '6': 1}","{'9': 1, 'queen': 1}"
1,0,0,1,17,22,"{'9': 1, '3': 1, '5': 1}","{'7': 1, '9': 1, '6': 1}"
1,0,0,0,20,17,"{'5': 1, '7': 1, '8': 1}","{'7': 1, '10': 1}"
0,1,0,0,17,19,"{'9': 1, '8': 1}","{'10': 1, '6': 1, '3': 1}"
0,1,0,0,22,14,"{'7': 1, '6': 1, '9': 1}","{'10': 1, '4': 1}"
0,1,0,0,26,19,"{'8': 1, '7': 1, 'ace': 1, 'queen': 1}","{'9': 1, 'jack': 1}"
0,1,0,0,24,16,"{'7': 1, '5': 1, '3': 1, '9': 1}","{'10': 1, '6': 1}"
0,0,1,0,17,17,"{'9': 1, '5': 1, '3': 1}","{'queen': 1, '7': 1}"
0,1,0,0,26,13,"{'9': 1, '7': 1, '10': 1}","{'7': 1, '6': 1}"
0,1,0,0,17,18,"{'7': 1, 'queen': 1}","{'8': 1, '10': 1}"
0,1,0,0,17,18,"{'7': 1, 'queen': 1}","{'9': 1, '6': 1, '3': 1}"
0,0,1,0,17,17,"{'8': 1, '9': 1}","{'7': 1, 'queen': 1}"
1,0,0,0,21,19,"{'7': 1, '3': 1, '5': 1, '6': 1}","{'9': 1, 'queen': 1}"
0,1,0,0,18,19,"{'10': 1, '8': 1}","{'9': 1, 'queen': 1}"
0,1,0,0,22,13,"{'6': 1, '9': 1, '7': 1}","{'10': 1, '3': 1}"
1,0,0,0,21,18,"{'9': 1, '7': 1, '5': 1}","{'queen': 1, '8': 1}"
0,1,0,0,25,12,"{'6': 1, '9': 1, '10': 1}","{'9': 1, '3': 1}"
0,0,1,0,17,17,"{'10': 1, '7': 1}","{'7': 1, 'queen': 1}"
0,0,1,0,17,17,"{'8': 1, '9': 1}","{'7': 1, '10': 1}"
0,1,0,0,22,17,"{'7': 1, '6': 1, '9': 1}","{'9': 1, '8': 1}"
0,1,0,0,16,20,"{'7': 1, '9': 1}","{'3': 1, '9': 1, '8': 1}"
1,0,0,1,17,22,"{'8': 1, '9': 1}","{'7': 1, '5': 1, 'queen': 1}"
1,0,0,1,20,23,"{'9': 1, '6': 1, '5': 1}","{'10': 1, '6': 1, '7': 1}"
0,1,0,0,25,15,"{'6': 1, '9': 1, 'jack': 1}","{'queen': 1, '5': 1}"
0,1,0,0,25,16,"{'3': 1, '7': 1, '5': 1, 'queen': 1}","{'7': 1, '9': 1}"
1,0,0,1,18,24,"{'8': 1, 'jack': 1}","{'5': 1, '9': 1, 'queen': 1}"
1,0,0,1,18,24,"{'8': 1, '10': 1}","{'7': 1, '3': 1, '5': 1, '9': 1}"
1,0,0,0,21,19,"{'6': 1, '7': 1, '3': 1, '5': 1}","{'10': 1, '9': 1}"
1,0,0,0,20,17,"{'9': 1, '6': 1, '5': 1}","{'7': 1, '5': 2}"
1,0,0,1,13,25,"{'6': 1, '7': 1}","{'5': 1, '10': 2}"
0,1,0,0,16,21,"{'7': 1, '9': 1}","{'6': 1, 'queen': 1, '5': 1}"
1,0,0,1,17,22,"{'10': 1, '7': 1}","{'9': 1, '6': 1, '7': 1}"
1,0,0,0,19,17,"{'10': 1, '9': 1}","{'3': 1, '9': 1, '5': 1}"
1,0,0,1,15,26,"{'9': 1, '6': 1}","{'5': 1, '8': 1, '3': 1, '10': 1}"
1,0,0,0,21,19,"{'7': 1, '5': 1, '3': 1, '6': 1}","{'queen': 1, '9': 1}"
0,0,1,0,20,20,"{'8': 1, '7': 1, '5': 1}","{'9': 1, '5': 1, '6': 1}"
0,1,0,0,24,12,"{'8': 1, '7': 1, '9': 1}","{'7': 1, '5': 1}"
0,0,1,0,18,18,"{'9': 1, '6': 1, '3': 1}","{'jack': 1, '8': 1}"
0,1,0,0,24,19,"{'7': 1, '9': 1, '8': 1}","{'9': 1, '10': 1}"
0,1,0,0,15,17,"{'7': 1, '8': 1}","{'5': 1, '3': 1, '9': 1}"
1,0,0,1,17,24,"{'10': 1, '7': 1}","{'9': 1, '5': 1, 'queen': 1}"
0,1,0,0,19,21,"{'10': 1, '6': 1, '3': 1}","{'9': 1, '7': 1, '5': 1}"
0,1,0,0,18,20,"{'7': 1, '6': 1, '5': 1}","{'10': 1, 'queen': 1}"
0,1,0,0,22,18,"{'5': 1, '10': 1, '7': 1}","{'8': 1, 'queen': 1}"
1,0,0,1,19,22,"{'9': 1, '7': 1, '3': 1}","{'10': 1, '4': 1, '8': 1}"
1,0,0,1,17,23,"{'9': 1, '8': 1}","{'6': 1, 'queen': 1, '7': 1}"
1,0,0,1,18,24,"{'7': 1, '6': 1, '5': 1}","{'10': 1, '6': 1, '8': 1}"
0,1,0,0,23,17,"{'9': 1, '7': 2}","{'7': 1, '10': 1}"
0,1,0,0,16,18,"{'7': 1, '9': 1}","{'5': 1, 'queen': 1, '3': 1}"
0,1,0,0,18,19,"{'6': 1, '5': 1, '7': 1}","{'9': 1, '7': 1, '3': 1}"
1,0,0,1,16,24,"{'7': 1, '9': 1}","{'5': 1, 'jack': 1, '9': 1}"
0,0,1,0,17,17,"{'8': 1, '9': 1}","{'10': 1, '7': 1}"
0,1,0,0,23,15,"{'9': 1, '4': 1, 'queen': 1}","{'8': 1, '7': 1}"
0,0,1,0,17,17,"{'9': 1, '5': 1, '3': 1}","{'10': 1, '7': 1}"
0,1,0,0,18,21,"{'queen': 1, '8': 1}","{'8': 1, '3': 1, '10': 1}"
1,0,0,1,16,23,"{'9': 1, '7': 1}","{'5': 1, 'queen': 1, '8': 1}"
1,0,0,1,20,25,"{'10': 1, 'queen': 1}","{'7': 1, '8': 1, 'jack': 1}"
0,1,0,0,23,20,"{'8': 1, '6': 1, '9': 1}","{'queen': 1, '10': 1}"
0,1,0,0,23,19,"{'7': 1, '5': 1, '3': 1, '8': 1}","{'9': 1, 'jack': 1}"
1,0,0,1,17,26,"{'8': 1, '3': 1, '6': 1}","{'9': 1, '7': 1, '10': 1}"
0,1,0,0,18,21,"{'10': 1, '8': 1}","{'5': 1, '7': 1, '3': 1, '6': 1}"
0,1,0,0,25,13,"{'6': 1, '7': 1, '3': 1, '9': 1}","{'10': 1, '3': 1}"
1,0,0,0,18,17,"{'8': 1, 'queen': 1}","{'7': 1, '10': 1}"
1,0,0,1,19,25,"{'10': 1, '9': 1}","{'7': 1, '6': 1, '3': 1, '9': 1}"
1,0,0,0,20,19,"{'7': 1, '5': 1, '8': 1}","{'9': 1, 'queen': 1}"
0,1,0,0,19,21,"{'7': 1, '9': 1, '3': 1}","{'8': 1, '3': 1, '10': 1}"
0,0,1,0,19,19,"{'9': 1, '10': 1}","{'queen': 1, '3': 1, '6': 1}"
0,0,1,0,17,17,"{'10': 1, '7': 1}","{'3': 1, '9': 1, '5': 1}"
0,1,0,0,23,20,"{'9': 1, '7': 2}","{'10': 1, 'queen': 1}"
0,1,0,0,23,17,"{'6': 1, '9': 1, '8': 1}","{'10': 1, '7': 1}"
0,1,0,0,18,21,"{'8': 1, '10': 1}","{'queen': 1, '6': 1, '5': 1}"
0,0,1,0,19,19,"{'9': 1, 'queen': 1}","{'5': 1, '8': 1, '6': 1}"
1,0,0,0,19,18,"{'9': 1, '5': 2}","{'8': 1, 'queen': 1}"
0,0,1,0,19,19,"{'9': 1, '7': 1, '3': 1}","{'8': 1, '5': 1, '6': 1}"
0,1,0,0,17,18,"{'4': 1, '10': 1, '3': 1}","{'10': 1, '8': 1}"
0,1,0,0,18,19,"{'8': 1, 'king': 1}","{'9': 1, '10': 1}"
0,1,0,0,26,18,"{'9': 1, '7': 1, 'queen': 1}","{'jack': 1, '8': 1}"
0,1,0,0,17,18,"{'7': 1, '10': 1}","{'9': 1, '5': 1, '4': 1}"
1,0,0,1,17,24,"{'9': 1, '8': 1}","{'9': 1, '5': 1, 'queen': 1}"
1,0,0,1,19,25,"{'7': 1, '8': 1, '4': 1}","{'7': 1, '8': 1, '10': 1}"
0,1,0,0,17,21,"{'9': 1, '8': 1}","{'queen': 1, '6': 1, '5': 1}"
0,0,1,0,19,19,"{'9': 1, 'jack': 1}","{'queen': 1, '6': 1, '3': 1}"
1,0,0,0,19,17,"{'9': 1, 'queen': 1}","{'7': 1, '10': 1}"
0,1,0,0,17,18,"{'7': 1, '10': 1}","{'9': 1, '6': 1, '3': 1}"
0,1,0,0,17,18,"{'10': 1, '7': 1}","{'8': 1, 'queen': 1}"
0,1,0,0,17,19,"{'10': 1, '7': 1}","{'queen': 1, '9': 1}"
0,1,0,0,24,17,"{'9': 1, '4': 1, '3': 1, '8': 1}","{'10': 1, '7': 1}"
1,0,0,1,19,22,"{'queen': 1, '3': 1, '6': 1}","{'8': 1, '5': 1, '9': 1}"
0,1,0,0,26,15,"{'8': 1, '5': 1, '3': 1, '10': 1}","{'7': 1, '8': 1}"
1,0,0,1,20,22,"{'10': 1, 'queen': 1}","{'9': 1, '6': 1, '7': 1}"
0,1,0,0,22,14,"{'7': 1, '5': 1, '10': 1}","{'8': 1, '6': 1}"
0,1,0,0,22,17,"{'7': 1, '9': 1, '6': 1}","{'10': 1, '7': 1}"
1,0,0,0,20,18,"{'10': 1, '3': 1, '7': 1}","{'8': 1, 'queen': 1}"
0,1,0,0,22,17,"{'9': 1, '3': 1, 'queen': 1}","{'7': 1, '10': 1}"
0,1,0,0,22,15,"{'7': 1, '5': 1, '10': 1}","{'9': 1, '6': 1}"
0,1,0,0,20,21,"{'8': 1, '7': 1, '5': 1}","{'9': 1, '6': 2}"
0,0,1,0,17,17,"{'3': 1, '8': 1, '6': 1}","{'10': 1, '7': 1}"
1,0,0,0,18,17,"{'8': 1, '5': 2}","{'7': 1, '10': 1}"
0,1,0,0,17,18,"{'10': 1, '7': 1}","{'8': 1, 'queen': 1}"
1,0,0,0,19,17,"{'jack': 1, '3': 1, '6': 1}","{'queen': 1, '7': 1}"
1,0,0,0,20,17,"{'6': 1, '9': 1, '5': 1}","{'queen': 1, '7': 1}"
1,0,0,1,17,22,"{'7': 1, '10': 1}","{'5': 1, '8': 1, '3': 1, '6': 1}"
1,0,0,1,21,22,"{'9': 1, '7': 1, '5': 1}","{'10': 1, '4': 1, '8': 1}"
0,1,0,0,22,18,"{'9': 1, '7': 1, '6': 1}","{'8': 1, 'queen': 1}"
0,1,0,0,24,14,"{'7': 1, '4': 1, '3': 1, 'queen': 1}","{'8': 1, '6': 1}"
0,1,0,0,22,20,"{'8': 1, '5': 1, '9': 1}","{'10': 1, 'queen': 1}"
0,1,0,0,22,15,"{'10': 1, '3': 1, '9': 1}","{'queen': 1, '5': 1}"
1,0,0,1,18,24,"{'7': 1, '3': 1, '8': 1}","{'9': 1, '5': 1, 'jack': 1}"
0,1,0,0,22,17,"{'9': 1, '7': 1, '6': 1}","{'7': 1, '10': 1}"
0,1,0,0,17,20,"{'10': 1, '7': 1}","{'9': 1, '6': 1, '5': 1}"
0,1,0,0,22,14,"{'7': 1, '5': 1, '10': 1}","{'8': 1, '6': 1}"
0,0,1,0,20,20,"{'7': 1, '3': 1, 'queen': 1}","{'9': 1, '6': 1, '5': 1}"
0,1,0,0,19,21,"{'9': 1, '3': 1, '7': 1}","{'8': 1, '6': 1, '7': 1}"
1,0,0,0,20,18,"{'9': 1, '3': 2, '5': 1}","{'8': 1, '7': 1, '3': 1}"
1,0,0,0,20,19,"{'7': 1, '3': 1, 'queen': 1}","{'9': 1, '10': 1}"
1,0,0,0,19,17,"{'6': 1, '10': 1, '3': 1}","{'7': 1, 'queen': 1}"
0,0,1,0,17,17,"{'8': 1, '9': 1}","{'10': 1, '7': 1}"
0,1,0,0,17,18,"{'7': 1, '10': 1}","{'8': 1, 'queen': 1}"
0,1,0,0,22,16,"{'6': 1, '9': 1, '7': 1}","{'9': 1, '7': 1}"
1,0,0,0,19,17,"{'9': 1, 'queen': 1}","{'10': 1, '7': 1}"
1,0,0,0,19,17,"{'9': 1, 'king': 1}","{'10': 1, '7': 1}"
0,1,0,0,25,12,"{'8': 1, '7': 1, 'queen': 1}","{'9': 1, '3': 1}"
0,1,0,0,19,20,"{'7': 1, '3': 1, '9': 1}","{'5': 1, '9': 1, '6': 1}"
0,1,0,0,18,19,"{'10': 1, '5': 1, '3': 1}","{'9': 1, '7': 1, '3': 1}"
0,1,0,0,18,20,"{'8': 1, 'jack': 1}","{'6': 1, '10': 1, '4': 1}"
1,0,0,1,16,23,"{'7': 1, '9': 1}","{'5': 1, '8': 1, 'queen': 1}"
1,0,0,1,17,25,"{'8': 1, '9': 1}","{'queen': 1, '6': 1, '9': 1}"
0,1,0,0,18,21,"{'7': 1, '6': 1, '5': 1}","{'10': 1, '3': 1, '8': 1}"
0,1,0,0,22,17,"{'9': 1, '7': 1, '6': 1}","{'10': 1, '7': 1}"
0,0,1,0,20,20,"{'7': 1, '3': 1, 'jack': 1}","{'8': 1, '5': 1, '7': 1}"
1,0,0,1,18,23,"{'7': 1, '3': 1, '8': 1}","{'9': 1, '6': 1, '8': 1}"
0,0,1,0,21,21,"{'8': 1, '3': 1, 'queen': 1}","{'6': 1, 'jack': 1, '5': 1}"
1,0,0,0,20,19,"{'7': 1, '8': 1, '5': 1}","{'9': 1, 'queen': 1}"
1,0,0,0,19,17,"{'9': 1, '10': 1}","{'queen': 1, '7': 1}"
1,0,0,0,21,17,"{'10': 1, '6': 1, '5': 1}","{'7': 1, 'queen': 1}"
0,0,1,0,18,18,"{'7': 1, '8': 1, '3': 1}","{'9': 1, '5': 1, '4': 1}"
0,1,0,0,22,17,"{'8': 1, '5': 1, '9': 1}","{'10': 1, '7': 1}"
0,1,0,0,16,21,"{'9': 1, '7': 1}","{'6': 1, 'queen': 1, '5': 1}"
1,0,0,1,18,25,"{'8': 1, 'jack': 1}","{'6': 1, '10': 1, '9': 1}"
0,1,0,0,19,21,"{'7': 1, '9': 1, '3': 1}","{'7': 1, '3': 1, '6': 1, '5': 1}"
0,1,0,0,14,21,"{'9': 1, '5': 1}","{'3': 1, '10': 1, '8': 1}"
1,0,0,1,19,22,"{'10': 1, '9': 1}","{'7': 1, '5': 1, 'queen': 1}"
0,1,0,0,23,17,"{'8': 1, '6': 1, '9': 1}","{'queen': 1, '7': 1}"
1,0,0,1,17,22,"{'9': 1, '8': 1}","{'7': 1, '5': 1, '10': 1}"
0,1,0,0,19,21,"{'9': 1, '10': 1}","{'8': 1, '6': 1, '7': 1}"
0,1,0,0,18,20,"{'8': 1, '3': 1, '7': 1}","{'7': 1, '3': 1, 'queen': 1}"
0,1,0,0,23,13,"{'9': 1, '7': 2}","{'8': 1, '5': 1}"
0,1,0,0,17,18,"{'ace': 1, '6': 1}","{'8': 1, 'queen': 1}"
1,0,0,0,21,20,"{'7': 1, '5': 1, '3': 1, '6': 1}","{'9': 1, '6': 1, '5': 1}"
1,0,0,1,21,23,"{'7': 1, '9': 1, '5': 1}","{'queen': 1, '5': 1, '8': 1}"
0,1,0,0,24,13,"{'7': 1, '9': 1, '8': 1}","{'10': 1, '3': 1}"
1,0,0,0,18,17,"{'8': 1, 'queen': 1}","{'6': 1, '3': 1, '8': 1}"
1,0,0,1,16,23,"{'7': 1, '9': 1}","{'5': 1, 'queen': 1, '8': 1}"
1,0,0,1,17,24,"{'7': 1, '10': 1}","{'6': 1, '8': 1, 'queen': 1}"
0,1,0,0,26,16,"{'5': 1, '7': 1, '4': 1, '10': 1}","{'9': 1, '7': 1}"
1,0,0,0,19,17,"{'queen': 1, '9': 1}","{'7': 1, '10': 1}"
1,0,0,1,19,23,"{'7': 1, '9': 1, '3': 1}","{'9': 1, '6': 1, '8': 1}"
1,0,0,1,19,23,"{'10': 1, '9': 1}","{'jack': 1, '6': 1, '7': 1}"
0,1,0,0,19,21,"{'9': 1, '5': 2}","{'8': 1, '6': 1, '7': 1}"
0,1,0,0,19,21,"{'6': 1, '8': 1, '2': 1, '3': 1}","{'9': 1, '5': 1, '7': 1}"
1,0,0,0,20,17,"{'8': 1, '6': 2}","{'10': 1, '7': 1}"
1,0,0,1,14,26,"{'9': 1, '5': 1}","{'6': 1, '10': 1, 'jack': 1}"
0,1,0,0,26,13,"{'9': 1, '7': 1, 'queen': 1}","{'8': 1, '5': 1}"
0,1,0,0,18,20,"{'10': 1, '8': 1}","{'3': 1, '8': 1, '9': 1}"
0,1,0,0,24,10,"{'10': 1, '5': 1, '9': 1}","{'7': 1, '3': 1}"
0,1,0,0,23,16,"{'9': 1, '6': 1, '8': 1}","{'queen': 1, '6': 1}"
1,0,0,1,18,22,"{'8': 1, '3': 1, '7': 1}","{'5': 1, '10': 1, '7': 1}"
1,0,0,1,16,24,"{'7': 1, '9': 1}","{'6': 1, '8': 1, '10': 1}"
0,1,0,0,17,21,"{'8': 1, '9': 1}","{'9': 1, '5': 1, '7': 1}"
1,0,0,0,19,18,"{'9': 1, '10': 1}","{'8': 1, 'queen': 1}"
1,0,0,0,20,17,"{'3': 1, '8': 1, '9': 1}","{'10': 1, '7': 1}"
0,1,0,0,17,21,"{'10': 1, '7': 1}","{'7': 1, '9': 1, '5': 1}"
0,1,0,0,22,17,"{'9': 1, '7': 1, '6': 1}","{'7': 1, '10': 1}"
1,0,0,1,16,23,"{'6': 1, '10': 1}","{'5': 1, 'queen': 1, '8': 1}"
0,1,0,0,19,21,"{'7': 1, '3': 1, '9': 1}","{'10': 1, '5': 1, '6': 1}"
0,1,0,0,18,21,"{'10': 1, '8': 1}","{'3': 1, '6': 1, '7': 1, '5': 1}"
1,0,0,0,18,17,"{'9': 1, '6': 1, '3': 1}","{'7': 1, 'queen': 1}"
1,0,0,0,21,18,"{'7': 1, '5': 1, '9': 1}","{'queen': 1, '8': 1}"
0,1,0,0,16,21,"{'9': 1, '7': 1}","{'3': 1, '8': 1, '10': 1}"
0,1,0,0,26,14,"{'9': 1, '7': 1, '10': 1}","{'8': 1, '6': 1}"
0,1,0,0,24,18,"{'7': 1, '9': 1, '8': 1}","{'10': 1, '8': 1}"
1,0,0,0,19,17,"{'9': 1, '5': 2}","{'7': 1, '10': 1}"
1,0,0,0,21,19,"{'7': 1, '6': 1, '8': 1}","{'9': 1, '3': 1, '7': 1}"
0,1,0,0,24,17,"{'7': 1, '9': 1, '8': 1}","{'9': 1, '8': 1}"
1,0,0,0,19,18,"{'5': 1, '7': 2}","{'10': 1, '8': 1}"
0,1,0,0,23,18,"{'9': 1, '7': 2}","{'queen': 1, '8': 1}"
0,1,0,0,22,17,"{'9': 1, '7': 1, '6': 1}","{'10': 1, '7': 1}"
1,0,0,0,19,18,"{'9': 1, 'jack': 1}","{'8': 1, 'queen': 1}"
0,1,0,0,17,20,"{'8': 1, '9': 1}","{'7': 1, '3': 1, 'queen': 1}"
0,1,0,0,22,17,"{'5': 1, '9': 1, '8': 1}","{'7': 1, 'queen': 1}"
1,0,0,0,21,19,"{'9': 1, '7': 1, '5': 1}","{'8': 1, '5': 1, '6': 1}"
1,0,0,1,18,22,"{'jack': 1, '8': 1}","{'9': 1, '6': 1, '7': 1}"
0,1,0,0,19,21,"{'10': 1, '9': 1}","{'7': 1, '5': 1, '3': 1, '6': 1}"
0,1,0,0,19,21,"{'jack': 1, '9': 1}","{'9': 1, '5': 1, '7': 1}"
0,1,0,0,17,18,"{'9': 1, '8': 1}","{'7': 1, '5': 1, '6': 1}"
0,1,0,0,18,19,"{'7': 1, '6': 1, '5': 1}","{'9': 1, 'queen': 1}"
1,0,0,1,19,23,"{'9': 1, 'jack': 1}","{'7': 1, '6': 1, 'queen': 1}"
1,0,0,0,19,18,"{'9': 1, '3': 1, '7': 1}","{'jack': 1, '8': 1}"
1,0,0,0,19,18,"{'10': 1, '9': 1}","{'10': 1, '8': 1}"
0,1,0,0,17,20,"{'7': 1, 'queen': 1}","{'9': 1, '3': 1, '8': 1}"
1,0,0,1,18,22,"{'7': 1, '8': 1, '3': 1}","{'9': 1, '3': 1, 'queen': 1}"
1,0,0,1,19,24,"{'10': 1, '9': 1}","{'3': 1, '7': 1, '6': 1, '8': 1}"
0,1,0,0,23,14,"{'10': 1, '6': 1, '7': 1}","{'9': 1, '5': 1}"
0,1,0,0,22,17,"{'9': 1, '7': 1, '6': 1}","{'7': 1, '10': 1}"
0,1,0,0,22,18,"{'3': 1, '9': 1, '10': 1}","{'8': 1, 'queen': 1}"
0,1,0,0,18,19,"{'8': 1, '10': 1}","{'7': 1, '9': 1, '3': 1}"
0,1,0,0,26,19,"{'7': 1, '9': 1, '10': 1}","{'9': 1, '10': 1}"
0,1,0,0,25,19,"{'8': 1, '3': 1, '5': 1, '9': 1}","{'10': 1, '9': 1}"
1,0,0,1,17,22,"{'7': 1, 'jack': 1}","{'8': 1, '5': 1, '3': 1, '6': 1}"
1,0,0,0,20,18,"{'7': 1, '5': 2, '3': 1}","{'7': 1, '6': 1, '5': 1}"
1,0,0,1,19,26,"{'10': 1, '9': 1}","{'7': 1, '5': 1, '4': 1, 'jack': 1}"
1,0,0,1,17,22,"{'8': 1, '9': 1}","{'8': 1, '4': 1, 'queen': 1}"
0,1,0,0,22,16,"{'9': 2, '4': 1}","{'jack': 1, '6': 1}"
1,0,0,1,19,22,"{'9': 1, '10': 1}","{'7': 1, '5': 1, 'queen': 1}"
0,1,0,0,16,21,"{'9': 1, '7': 1}","{'6': 1, '8': 1, '7': 1}"
1,0,0,0,19,18,"{'9': 1, '7': 1, '3': 1}","{'8': 1, 'queen': 1}"
1,0,0,0,21,17,"{'9': 1, '7': 1, '5': 1}","{'7': 1, 'queen': 1}"
0,1,0,0,16,19,"{'9': 1, '7': 1}","{'3': 1, '6': 1, 'jack': 1}"
0,1,0,0,23,17,"{'8': 1, '5': 1, '10': 1}","{'7': 1, 'queen': 1}"
1,0,0,1,17,24,"{'10': 1, '7': 1}","{'6': 1, 'queen': 1, '8': 1}"
1,0,0,1,19,24,"{'9': 1, 'queen': 1}","{'8': 1, '6': 1, '10': 1}"
0,0,1,0,19,19,"{'7': 1, '8': 1, '4': 1}","{'10': 1, '6': 1, '3': 1}"
1,0,0,1,20,23,"{'3': 1, '7': 1, 'jack': 1}","{'7': 1, '6': 1, '10': 1}"
0,1,0,0,17,19,"{'7': 1, '10': 1}","{'9': 1, 'queen': 1}"
0,1,0,0,18,21,"{'8': 1, '10': 1}","{'9': 1, '7': 1, '5': 1}"
0,1,0,0,26,16,"{'8': 1, '3': 1, '5': 1, 'jack': 1}","{'9': 1, '7': 1}"
0,1,0,0,17,20,"{'9': 1, '8': 1}","{'8': 1, '5': 1, '7': 1}"
1,0,0,0,20,19,"{'queen': 1, '5': 2}","{'7': 1, '9': 1, '3': 1}"
0,1,0,0,26,13,"{'queen': 1, '6': 1, 'jack': 1}","{'7': 1, '6': 1}"
1,0,0,1,14,23,"{'5': 1, '9': 1}","{'6': 1, 'queen': 1, '7': 1}"
0,1,0,0,17,21,"{'6': 1, '8': 1, '3': 1}","{'10': 1, 'ace': 1}"
1,0,0,1,18,25,"{'9': 1, '4': 1, '5': 1}","{'8': 1, '7': 1, '10': 1}"
0,1,0,0,24,20,"{'7': 1, '9': 1, '8': 1}","{'10': 1, 'queen': 1}"
0,1,0,0,22,14,"{'7': 1, '5': 1, 'jack': 1}","{'8': 1, '6': 1}"
0,1,0,0,22,13,"{'6': 1, '9': 1, '7': 1}","{'8': 1, '5': 1}"
0,1,0,0,15,19,"{'8': 1, '7': 1}","{'6': 1, 'jack': 1, '3': 1}"
0,0,1,0,17,17,"{'10': 1, '7': 1}","{'7': 1, '2': 1, '8': 1}"
1,0,0,1,21,23,"{'7': 1, '9': 1, '5': 1}","{'10': 1, '6': 1, '7': 1}"
0,1,0,0,17,20,"{'8': 1, '9': 1}","{'9': 1, '5': 1, '6': 1}"
0,0,1,0,17,17,"{'10': 1, '7': 1}","{'queen': 1, '7': 1}"
0,1,0,0,25,12,"{'9': 1, '6': 1, '10': 1}","{'7': 1, '5': 1}"
0,0,1,0,21,21,"{'9': 1, '5': 1, '7': 1}","{'10': 1, '3': 1, '8': 1}"
0,1,0,0,22,14,"{'8': 1, '7': 2}","{'9': 1, '5': 1}"
0,1,0,0,19,21,"{'queen': 1, '9': 1}","{'9': 1, '5': 1, '7': 1}"
1,0,0,0,19,17,"{'9': 1, '7': 1, '3': 1}","{'7': 1, 'queen': 1}"
0,1,0,0,16,18,"{'9': 1, '7': 1}","{'5': 1, 'queen': 1, '3': 1}"
0,1,0,0,15,18,"{'10': 1, '5': 1}","{'5': 1, '7': 1, '6': 1}"
0,1,0,0,19,21,"{'10': 1, '9': 1}","{'7': 1, '6': 1, '8': 1}"
1,0,0,1,21,23,"{'5': 1, '7': 1, '9': 1}","{'7': 1, '6': 1, '10': 1}"
0,1,0,0,15,21,"{'8': 1, '7': 1}","{'5': 1, '6': 1, '10': 1}"
0,0,1,0,17,17,"{'10': 1, '7': 1}","{'8': 1, '6': 1, '3': 1}"
1,0,0,1,12,24,"{'7': 1, '5': 1}","{'5': 1, 'queen': 1, '9': 1}"
0,1,0,0,18,20,"{'8': 1, 'queen': 1}","{'7': 1, '4': 1, '9': 1}"
0,1,0,0,19,21,"{'10': 1, '9': 1}","{'8': 1, '6': 1, '7': 1}"
0,1,0,0,22,20,"{'9': 1, '7': 1, '6': 1}","{'10': 1, 'queen': 1}"
1,0,0,1,14,24,"{'9': 1, '5': 1}","{'6': 1, '8': 1, '10': 1}"
1,0,0,0,20,18,"{'9': 1, '5': 1, '6': 1}","{'8': 1, 'queen': 1}"
0,1,0,0,17,18,"{'10': 1, '7': 1}","{'8': 1, 'queen': 1}"
1,0,0,1,12,25,"{'7': 1, '5': 1}","{'6': 1, '9': 1, '10': 1}"
0,1,0,0,15,19,"{'6': 1, '9': 1}","{'4': 1, '7': 1, '8': 1}"
0,1,0,0,22,14,"{'9': 1, '3': 1, '10': 1}","{'8': 1, '6': 1}"
1,0,0,1,17,22,"{'7': 1, '10': 1}","{'6': 1, '9': 1, '7': 1}"
1,0,0,1,14,24,"{'9': 1, '5': 1}","{'6': 1, 'jack': 1, '8': 1}"
0,1,0,0,17,18,"{'10': 1, '7': 1}","{'8': 1, 'queen': 1}"
1,0,0,1,17,23,"{'10': 1, '7': 1}","{'9': 1, '6': 1, '8': 1}"
0,0,1,0,17,17,"{'9': 1, '5': 1, '3': 1}","{'7': 1, 'jack': 1}"
0,1,0,0,17,18,"{'9': 1, '5': 1, '3': 1}","{'10': 1, '8': 1}"
0,1,0,0,23,13,"{'9': 1, '7': 2}","{'10': 1, '3': 1}"
1,0,0,1,18,25,"{'5': 1, '7': 1, '3': 2}","{'9': 1, '6': 1, '10': 1}"
1,0,0,1,17,24,"{'8': 1, '9': 1}","{'9': 1, '5': 1, '10': 1}"
1,0,0,0,21,18,"{'5': 1, '7': 1, '9': 1}","{'8': 1, '10': 1}"
0,1,0,0,24,15,"{'7': 1, '9': 1, '8': 1}","{'jack': 1, '5': 1}"
0,1,0,0,24,17,"{'9': 1, '7': 1, '8': 1}","{'7': 1, 'queen': 1}"
0,1,0,0,23,16,"{'7': 1, '6': 1, '10': 1}","{'9': 1, '7': 1}"
0,1,0,0,24,13,"{'8': 1, '7': 1, '9': 1}","{'10': 1, '3': 1}"
1,0,0,1,21,26,"{'8': 1, '6': 1, '7': 1}","{'7': 1, '9': 1, '10': 1}"
0,1,0,0,24,19,"{'7': 1, '3': 1, '6': 1, '8': 1}","{'9': 1, 'queen': 1}"
0,1,0,0,17,20,"{'10': 1, '7': 1}","{'9': 1, '5': 1, '6': 1}"
0,1,0,0,17,20,"{'3': 1, '9': 1, '5': 1}","{'8': 1, '7': 1, '5': 1}"
0,0,1,0,19,19,"{'6': 1, '10': 1, '3': 1}","{'9': 1, 'queen': 1}"
0,1,0,0,25,19,"{'7': 1, '8': 1, 'jack': 1}","{'queen': 1, '9': 1}"
1,0,0,1,17,23,"{'10': 1, '7': 1}","{'5': 1, 'jack': 1, '8': 1}"
0,0,1,0,19,19,"{'8': 1, '3': 2, '5': 1}","{'9': 1, '10': 1}"
1,0,0,0,20,19,"{'10': 1, 'queen': 1}","{'9': 1, 'jack': 1}"
0,1,0,0,23,16,"{'6': 1, '9': 1, '8': 1}","{'9': 1, '7': 1}"
1,0,0,0,21,19,"{'10': 1, '6': 1, '5': 1}","{'9': 1, 'queen': 1}"
1,0,0,0,21,19,"{'7': 1, '4': 1, '10': 1}","{'queen': 1, '9': 1}"
0,1,0,0,24,15,"{'6': 1, '8': 1, '10': 1}","{'queen': 1, '5': 1}"
0,0,1,0,18,18,"{'8': 1, '10': 1}","{'8': 1, '7': 1, '3': 1}"
0,1,0,0,19,21,"{'9': 1, '10': 1}","{'8': 1, '3': 1, 'queen': 1}"
1,0,0,1,19,24,"{'jack': 1, '6': 1, '3': 1}","{'7': 1, '8': 1, '9': 1}"
0,1,0,0,24,20,"{'9': 1, '7': 1, '8': 1}","{'10': 1, 'queen': 1}"
0,1,0,0,26,17,"{'10': 2, '6': 1}","{'7': 1, 'queen': 1}"
1,0,0,1,12,24,"{'7': 1, '5': 1}","{'5': 1, 'jack': 1, '9': 1}"
1,0,0,0,19,17,"{'10': 1, '9': 1}","{'7': 1, 'queen': 1}"
1,0,0,1,19,25,"{'9': 1, '7': 1, '3': 1}","{'7': 1, '5': 1, '3': 1, 'queen': 1}"
1,0,0,1,20,24,"{'7': 2, '6': 1}","{'9': 1, '7': 1, '8': 1}"
1,0,0,0,20,19,"{'5': 1, '8': 1, '7': 1}","{'queen': 1, '9': 1}"
0,1,0,0,24,15,"{'9': 1, '5': 1, '10': 1}","{'8': 1, '7': 1}"
0,1,0,0,26,14,"{'9': 1, '7': 1, '10': 1}","{'8': 1, '6': 1}"
0,1,0,0,17,19,"{'7': 2, '3': 1}","{'9': 1, 'queen': 1}"
0,0,1,0,21,21,"{'9': 1, '7': 1, '5': 1}","{'7': 1, '4': 1, 'king': 1}"
1,0,0,0,19,18,"{'10': 1, '9': 1}","{'7': 1, '3': 1, '8': 1}"
0,1,0,0,18,19,"{'8': 1, '10': 1}","{'jack': 1, '9': 1}"
0,1,0,0,22,13,"{'7': 1, '5': 1, 'queen': 1}","{'10': 1, '3': 1}"
1,0,0,0,20,18,"{'9': 1, '4': 1, '7': 1}","{'10': 1, '8': 1}"
0,1,0,0,17,19,"{'7': 1, '10': 1}","{'9': 1, 'queen': 1}"
1,0,0,0,21,17,"{'9': 1, '7': 1, '5': 1}","{'7': 1, 'jack': 1}"
1,0,0,1,16,24,"{'10': 1, '6': 1}","{'5': 1, 'queen': 1, '9': 1}"
0,0,1,0,20,20,"{'9': 1, '5': 1, '6': 1}","{'10': 1, 'queen': 1}"
0,1,0,0,25,12,"{'6': 1, '9': 1, 'queen': 1}","{'7': 1, '5': 1}"
1,0,0,0,21,17,"{'9': 1, '7': 1, '5': 1}","{'10': 1, '7': 1}"
0,1,0,0,17,18,"{'7': 1, '5': 2}","{'8': 1, '10': 1}"
0,1,0,0,23,14,"{'6': 1, '7': 1, '10': 1}","{'9': 1, '5': 1}"
0,1,0,0,17,20,"{'9': 1, '5': 1, '3': 1}","{'8': 1, '7': 1, '5': 1}"
1,0,0,1,20,22,"{'3': 1, '7': 1, 'queen': 1}","{'7': 1, '9': 1, '6': 1}"
0,0,1,0,17,17,"{'5': 1, '3': 1, '9': 1}","{'7': 1, 'queen': 1}"
0,0,1,0,17,17,"{'8': 1, '9': 1}","{'7': 1, 'queen': 1}"
